'ç;ç
2ç;ç
1ç;ç
6ç;ç
0ç;ç
4ç;ç
'ç;ç
,ç;ç
 ç;ç
"ç;ç
Mç;ç
oç;ç
nç;ç
iç;ç
tç;ç
oç;ç
rç;ç
 ç;ç
Lç;ç
eç;ç
dç;ç
 ç;ç
2ç;ç
2ç;ç
'ç;ç
'ç;ç
 ç;ç
cç;ç
oç;ç
mç;ç
 ç;ç
Aç;ç
lç;ç
tç;ç
oç;ç
 ç;ç
Fç;ç
aç;ç
lç;ç
aç;ç
nç;ç
tç;ç
eç;ç
sç;ç
 ç;ç
Hç;ç
Dç;ç
 ç;ç
1ç;ç
0ç;ç
8ç;ç
0ç;ç
pç;ç
 ç;ç
Iç;ç
pç;ç
eç;ç
gç;ç
aç;ç
 ç;ç
Kç;ç
Pç;ç
-ç;ç
Cç;ç
Aç;ç
6ç;ç
0ç;ç
4ç;ç
"ç;ç
,ç;ç
 ç;ç
'ç;ç
9ç;ç
2ç;ç
1ç;ç
,ç;ç
5ç;ç
0ç;ç
'ç;ç
,ç;ç
 ç;ç
'ç;ç
hç;ç
tç;ç
tç;ç
pç;ç
sç;ç
:ç;ç
/ç;ç
/ç;ç
pç;ç
oç;ç
rç;ç
tç;ç
aç;ç
lç;ç
dç;ç
aç;ç
sç;ç
cç;ç
aç;ç
mç;ç
eç;ç
rç;ç
aç;ç
sç;ç
.ç;ç
vç;ç
tç;ç
eç;ç
xç;ç
iç;ç
mç;ç
gç;ç
.ç;ç
cç;ç
oç;ç
mç;ç
.ç;ç
bç;ç
rç;ç
/ç;ç
aç;ç
rç;ç
qç;ç
uç;ç
iç;ç
vç;ç
oç;ç
sç;ç
/ç;ç
iç;ç
dç;ç
sç;ç
/ç;ç
1ç;ç
6ç;ç
4ç;ç
0ç;ç
9ç;ç
1ç;ç
-ç;ç
2ç;ç
5ç;ç
5ç;ç
-ç;ç
2ç;ç
5ç;ç
5ç;ç
/ç;ç
2ç;ç
1ç;ç
6ç;ç
0ç;ç
4ç;ç
.ç;ç
pç;ç
nç;ç
gç;ç
?ç;ç
vç;ç
=ç;ç
6ç;ç
3ç;ç
7ç;ç
9ç;ç
7ç;ç
6ç;ç
3ç;ç
6ç;ç
7ç;ç
2ç;ç
2ç;ç
1ç;ç
6ç;ç
7ç;ç
0ç;ç
0ç;ç
0ç;ç
0ç;ç
'ç;ç
,ç;ç
 ç;ç
'ç;ç
Iç;ç
Nç;ç
Fç;ç
Oç;ç
Rç;ç
Mç;ç
Áç;ç
Tç;ç
Iç;ç
Cç;ç
Aç;ç
 ç;ç
Rç;ç
eç;ç
dç;ç
eç;ç
 ç;ç
Wç;ç
Iç;ç
-ç;ç
Fç;ç
Iç;ç
'ç;ç
çç;ç
;ç;ç
çç;ç
'ç;ç
2ç;ç
2ç;ç
8ç;ç
8ç;ç
1ç;ç
'ç;ç
,ç;ç
 ç;ç
'ç;ç
Rç;ç
oç;ç
tç;ç
eç;ç
aç;ç
dç;ç
oç;ç
rç;ç
 ç;ç
eç;ç
 ç;ç
Rç;ç
eç;ç
pç;ç
eç;ç
tç;ç
iç;ç
dç;ç
oç;ç
rç;ç
 ç;ç
dç;ç
eç;ç
 ç;ç
Sç;ç
iç;ç
nç;ç
aç;ç
lç;ç
 ç;ç
Pç;ç
iç;ç
xç;ç
-ç;ç
Lç;ç
iç;ç
nç;ç
kç;ç
 ç;ç
Lç;ç
Vç;ç
-ç;ç
Wç;ç
Rç;ç
0ç;ç
9ç;ç
'ç;ç
,ç;ç
 ç;ç
'ç;ç
1ç;ç
1ç;ç
1ç;ç
,ç;ç
4ç;ç
0ç;ç
'ç;ç
,ç;ç
 ç;ç
'ç;ç
hç;ç
tç;ç
tç;ç
pç;ç
sç;ç
:ç;ç
/ç;ç
/ç;ç
pç;ç
oç;ç
rç;ç
tç;ç
aç;ç
lç;ç
dç;ç
aç;ç
sç;ç
cç;ç
aç;ç
mç;ç
eç;ç
rç;ç
aç;ç
sç;ç
.ç;ç
vç;ç
tç;ç
eç;ç
xç;ç
iç;ç
mç;ç
gç;ç
.ç;ç
cç;ç
oç;ç
mç;ç
.ç;ç
bç;ç
rç;ç
/ç;ç
aç;ç
rç;ç
qç;ç
uç;ç
iç;ç
vç;ç
oç;ç
sç;ç
/ç;ç
iç;ç
dç;ç
sç;ç
/ç;ç
1ç;ç
6ç;ç
2ç;ç
2ç;ç
6ç;ç
7ç;ç
-ç;ç
2ç;ç
5ç;ç
5ç;ç
-ç;ç
2ç;ç
5ç;ç
5ç;ç
/ç;ç
lç;ç
vç;ç
-ç;ç
wç;ç
rç;ç
0ç;ç
9ç;ç
-ç;ç
0ç;ç
1ç;ç
.ç;ç
jç;ç
pç;ç
gç;ç
?ç;ç
vç;ç
=ç;ç
6ç;ç
3ç;ç
7ç;ç
3ç;ç
8ç;ç
9ç;ç
0ç;ç
1ç;ç
8ç;ç
1ç;ç
7ç;ç
4ç;ç
7ç;ç
0ç;ç
0ç;ç
0ç;ç
0ç;ç
0ç;ç
'ç;ç
,ç;ç
 ç;ç
'ç;ç
hç;ç
tç;ç
tç;ç
pç;ç
sç;ç
:ç;ç
/ç;ç
/ç;ç
pç;ç
oç;ç
rç;ç
tç;ç
aç;ç
lç;ç
dç;ç
aç;ç
sç;ç
cç;ç
aç;ç
mç;ç
eç;ç
rç;ç
aç;ç
sç;ç
.ç;ç
vç;ç
tç;ç
eç;ç
xç;ç
iç;ç
mç;ç
gç;ç
.ç;ç
cç;ç
oç;ç
mç;ç
.ç;ç
bç;ç
rç;ç
/ç;ç
aç;ç
rç;ç
qç;ç
uç;ç
iç;ç
vç;ç
oç;ç
sç;ç
/ç;ç
iç;ç
dç;ç
sç;ç
/ç;ç
1ç;ç
6ç;ç
2ç;ç
2ç;ç
6ç;ç
8ç;ç
-ç;ç
2ç;ç
5ç;ç
5ç;ç
-ç;ç
2ç;ç
5ç;ç
5ç;ç
/ç;ç
lç;ç
vç;ç
-ç;ç
wç;ç
rç;ç
0ç;ç
9ç;ç
-ç;ç
0ç;ç
2ç;ç
.ç;ç
jç;ç
pç;ç
gç;ç
?ç;ç
vç;ç
=ç;ç
6ç;ç
3ç;ç
7ç;ç
3ç;ç
8ç;ç
9ç;ç
0ç;ç
1ç;ç
8ç;ç
3ç;ç
2ç;ç
6ç;ç
0ç;ç
0ç;ç
0ç;ç
0ç;ç
0ç;ç
0ç;ç
'ç;ç
,ç;ç
 ç;ç
'ç;ç
hç;ç
tç;ç
tç;ç
pç;ç
sç;ç
:ç;ç
/ç;ç
/ç;ç
pç;ç
oç;ç
rç;ç
tç;ç
aç;ç
lç;ç
dç;ç
aç;ç
sç;ç
cç;ç
aç;ç
mç;ç
eç;ç
rç;ç
aç;ç
sç;ç
.ç;ç
vç;ç
tç;ç
eç;ç
xç;ç
iç;ç
mç;ç
gç;ç
.ç;ç
cç;ç
oç;ç
mç;ç
.ç;ç
bç;ç
rç;ç
/ç;ç
aç;ç
rç;ç
qç;ç
uç;ç
iç;ç
vç;ç
oç;ç
sç;ç
/ç;ç
iç;ç
dç;ç
sç;ç
/ç;ç
1ç;ç
6ç;ç
2ç;ç
2ç;ç
6ç;ç
9ç;ç
-ç;ç
2ç;ç
5ç;ç
5ç;ç
-ç;ç
2ç;ç
5ç;ç
5ç;ç
/ç;ç
lç;ç
vç;ç
-ç;ç
wç;ç
rç;ç
0ç;ç
9ç;ç
-ç;ç
0ç;ç
3ç;ç
.ç;ç
jç;ç
pç;ç
gç;ç
?ç;ç
vç;ç
=ç;ç
6ç;ç
3ç;ç
7ç;ç
3ç;ç
8ç;ç
9ç;ç
0ç;ç
2ç;ç
0ç;ç
5ç;ç
2ç;ç
6ç;ç
2ç;ç
3ç;ç
0ç;ç
0ç;ç
0ç;ç
0ç;ç
'ç;ç
,ç;ç
 ç;ç
'ç;ç
hç;ç
tç;ç
tç;ç
pç;ç
sç;ç
:ç;ç
/ç;ç
/ç;ç
pç;ç
oç;ç
rç;ç
tç;ç
aç;ç
lç;ç
dç;ç
aç;ç
sç;ç
cç;ç
aç;ç
mç;ç
eç;ç
rç;ç
aç;ç
sç;ç
.ç;ç
vç;ç
tç;ç
eç;ç
xç;ç
iç;ç
mç;ç
gç;ç
.ç;ç
cç;ç
oç;ç
mç;ç
.ç;ç
bç;ç
rç;ç
/ç;ç
aç;ç
rç;ç
qç;ç
uç;ç
iç;ç
vç;ç
oç;ç
sç;ç
/ç;ç
iç;ç
dç;ç
sç;ç
/ç;ç
1ç;ç
6ç;ç
2ç;ç
2ç;ç
7ç;ç
0ç;ç
-ç;ç
2ç;ç
5ç;ç
5ç;ç
-ç;ç
2ç;ç
5ç;ç
5ç;ç
/ç;ç
lç;ç
vç;ç
-ç;ç
wç;ç
rç;ç
0ç;ç
9ç;ç
-ç;ç
0ç;ç
4ç;ç
.ç;ç
jç;ç
pç;ç
gç;ç
?ç;ç
vç;ç
=ç;ç
6ç;ç
3ç;ç
7ç;ç
3ç;ç
8ç;ç
9ç;ç
0ç;ç
2ç;ç
0ç;ç
6ç;ç
9ç;ç
7ç;ç
0ç;ç
0ç;ç
0ç;ç
0ç;ç
0ç;ç
0ç;ç
'ç;ç
,ç;ç
 ç;ç
'ç;ç
hç;ç
tç;ç
tç;ç
pç;ç
sç;ç
:ç;ç
/ç;ç
/ç;ç
pç;ç
oç;ç
rç;ç
tç;ç
aç;ç
lç;ç
dç;ç
aç;ç
sç;ç
cç;ç
aç;ç
mç;ç
eç;ç
rç;ç
aç;ç
sç;ç
.ç;ç
vç;ç
tç;ç
eç;ç
xç;ç
iç;ç
mç;ç
gç;ç
.ç;ç
cç;ç
oç;ç
mç;ç
.ç;ç
bç;ç
rç;ç
/ç;ç
aç;ç
rç;ç
qç;ç
uç;ç
iç;ç
vç;ç
oç;ç
sç;ç
/ç;ç
iç;ç
dç;ç
sç;ç
/ç;ç
1ç;ç
6ç;ç
2ç;ç
2ç;ç
7ç;ç
1ç;ç
-ç;ç
2ç;ç
5ç;ç
5ç;ç
-ç;ç
2ç;ç
5ç;ç
5ç;ç
/ç;ç
lç;ç
vç;ç
-ç;ç
wç;ç
rç;ç
0ç;ç
9ç;ç
-ç;ç
0ç;ç
5ç;ç
.ç;ç
jç;ç
pç;ç
gç;ç
?ç;ç
vç;ç
=ç;ç
6ç;ç
3ç;ç
7ç;ç
3ç;ç
8ç;ç
9ç;ç
0ç;ç
2ç;ç
0ç;ç
8ç;ç
4ç;ç
5ç;ç
7ç;ç
0ç;ç
0ç;ç
0ç;ç
0ç;ç
0ç;ç
'ç;ç
,ç;ç
 ç;ç
'ç;ç
Iç;ç
Nç;ç
Fç;ç
Oç;ç
Rç;ç
Mç;ç
Áç;ç
Tç;ç
Iç;ç
Cç;ç
Aç;ç
 ç;ç
Rç;ç
eç;ç
dç;ç
eç;ç
 ç;ç
Wç;ç
Iç;ç
-ç;ç
Fç;ç
Iç;ç
'ç;ç
çç;ç
;ç;ç
çç;ç

ç;ç
'ç;ç
2ç;ç
1ç;ç
6ç;ç
4ç;ç
'ç;ç
,ç;ç
 ç;ç
'ç;ç
Hç;ç
Dç;ç
 ç;ç
1ç;ç
6ç;ç
0ç;ç
 ç;ç
Gç;ç
Bç;ç
'ç;ç
,ç;ç
 ç;ç
'ç;ç
4ç;ç
6ç;ç
,ç;ç
2ç;ç
0ç;ç
'ç;ç
,ç;ç
 ç;ç
'ç;ç
hç;ç
tç;ç
tç;ç
pç;ç
sç;ç
:ç;ç
/ç;ç
/ç;ç
pç;ç
oç;ç
rç;ç
tç;ç
aç;ç
lç;ç
dç;ç
aç;ç
sç;ç
cç;ç
aç;ç
mç;ç
eç;ç
rç;ç
aç;ç
sç;ç
.ç;ç
vç;ç
tç;ç
eç;ç
xç;ç
iç;ç
mç;ç
gç;ç
.ç;ç
cç;ç
oç;ç
mç;ç
.ç;ç
bç;ç
rç;ç
/ç;ç
aç;ç
rç;ç
qç;ç
uç;ç
iç;ç
vç;ç
oç;ç
sç;ç
/ç;ç
iç;ç
dç;ç
sç;ç
/ç;ç
1ç;ç
6ç;ç
4ç;ç
0ç;ç
9ç;ç
5ç;ç
-ç;ç
2ç;ç
5ç;ç
5ç;ç
-ç;ç
2ç;ç
5ç;ç
5ç;ç
/ç;ç
2ç;ç
1ç;ç
6ç;ç
4ç;ç
.ç;ç
jç;ç
pç;ç
gç;ç
?ç;ç
vç;ç
=ç;ç
6ç;ç
3ç;ç
7ç;ç
9ç;ç
7ç;ç
9ç;ç
9ç;ç
6ç;ç
5ç;ç
1ç;ç
0ç;ç
0ç;ç
1ç;ç
0ç;ç
0ç;ç
0ç;ç
0ç;ç
0ç;ç
'ç;ç
,ç;ç
 ç;ç
'ç;ç
Iç;ç
Nç;ç
Fç;ç
Oç;ç
Rç;ç
Mç;ç
Áç;ç
Tç;ç
Iç;ç
Cç;ç
Aç;ç
 ç;ç
Hç;ç
Dç;ç
 ç;ç
iç;ç
nç;ç
tç;ç
eç;ç
rç;ç
nç;ç
oç;ç
'ç;ç
çç;ç
;ç;ç
çç;ç
'ç;ç
1ç;ç
1ç;ç
3ç;ç
2ç;ç
'ç;ç
,ç;ç
 ç;ç
'ç;ç
Hç;ç
Dç;ç
 ç;ç
3ç;ç
2ç;ç
0ç;ç
Gç;ç
Bç;ç
'ç;ç
,ç;ç
 ç;ç
'ç;ç
8ç;ç
2ç;ç
,ç;ç
4ç;ç
0ç;ç
'ç;ç
,ç;ç
 ç;ç
'ç;ç
hç;ç
tç;ç
tç;ç
pç;ç
sç;ç
:ç;ç
/ç;ç
/ç;ç
pç;ç
oç;ç
rç;ç
tç;ç
aç;ç
lç;ç
dç;ç
aç;ç
sç;ç
cç;ç
aç;ç
mç;ç
eç;ç
rç;ç
aç;ç
sç;ç
.ç;ç
vç;ç
tç;ç
eç;ç
xç;ç
iç;ç
mç;ç
gç;ç
.ç;ç
cç;ç
oç;ç
mç;ç
.ç;ç
bç;ç
rç;ç
/ç;ç
aç;ç
rç;ç
qç;ç
uç;ç
iç;ç
vç;ç
oç;ç
sç;ç
/ç;ç
iç;ç
dç;ç
sç;ç
/ç;ç
1ç;ç
6ç;ç
2ç;ç
0ç;ç
0ç;ç
0ç;ç
-ç;ç
2ç;ç
5ç;ç
5ç;ç
-ç;ç
2ç;ç
5ç;ç
5ç;ç
/ç;ç
Hç;ç
Dç;ç
-ç;ç
3ç;ç
2ç;ç
0ç;ç
Gç;ç
Bç;ç
.ç;ç
jç;ç
pç;ç
gç;ç
?ç;ç
vç;ç
=ç;ç
6ç;ç
3ç;ç
7ç;ç
2ç;ç
3ç;ç
0ç;ç
3ç;ç
1ç;ç
3ç;ç
0ç;ç
9ç;ç
5ç;ç
2ç;ç
3ç;ç
0ç;ç
0ç;ç
0ç;ç
0ç;ç
'ç;ç
,ç;ç
 ç;ç
'ç;ç
Iç;ç
Nç;ç
Fç;ç
Oç;ç
Rç;ç
Mç;ç
Áç;ç
Tç;ç
Iç;ç
Cç;ç
Aç;ç
 ç;ç
Hç;ç
Dç;ç
 ç;ç
iç;ç
nç;ç
tç;ç
eç;ç
rç;ç
nç;ç
oç;ç
'ç;ç
çç;ç
;ç;ç
çç;ç
'ç;ç
2ç;ç
9ç;ç
1ç;ç
8ç;ç
'ç;ç
,ç;ç
 ç;ç
'ç;ç
Hç;ç
Dç;ç
 ç;ç
4ç;ç
Tç;ç
Bç;ç
 ç;ç
Sç;ç
eç;ç
aç;ç
gç;ç
aç;ç
tç;ç
eç;ç
'ç;ç
,ç;ç
 ç;ç
'ç;ç
7ç;ç
3ç;ç
3ç;ç
,ç;ç
8ç;ç
0ç;ç
'ç;ç
,ç;ç
 ç;ç
'ç;ç
hç;ç
tç;ç
tç;ç
pç;ç
sç;ç
:ç;ç
/ç;ç
/ç;ç
pç;ç
oç;ç
rç;ç
tç;ç
aç;ç
lç;ç
dç;ç
aç;ç
sç;ç
cç;ç
aç;ç
mç;ç
eç;ç
rç;ç
aç;ç
sç;ç
.ç;ç
vç;ç
tç;ç
eç;ç
xç;ç
iç;ç
mç;ç
gç;ç
.ç;ç
cç;ç
oç;ç
mç;ç
.ç;ç
bç;ç
rç;ç
/ç;ç
aç;ç
rç;ç
qç;ç
uç;ç
iç;ç
vç;ç
oç;ç
sç;ç
/ç;ç
iç;ç
dç;ç
sç;ç
/ç;ç
1ç;ç
6ç;ç
1ç;ç
9ç;ç
9ç;ç
6ç;ç
-ç;ç
2ç;ç
5ç;ç
5ç;ç
-ç;ç
2ç;ç
5ç;ç
5ç;ç
/ç;ç
Hç;ç
Dç;ç
-ç;ç
4ç;ç
Tç;ç
Bç;ç
-ç;ç
Sç;ç
Eç;ç
Aç;ç
Gç;ç
Aç;ç
Tç;ç
Eç;ç
.ç;ç
jç;ç
pç;ç
gç;ç
?ç;ç
vç;ç
=ç;ç
6ç;ç
3ç;ç
7ç;ç
2ç;ç
3ç;ç
0ç;ç
2ç;ç
9ç;ç
4ç;ç
6ç;ç
5ç;ç
0ç;ç
8ç;ç
0ç;ç
0ç;ç
0ç;ç
0ç;ç
0ç;ç
'ç;ç
,ç;ç
 ç;ç
'ç;ç
hç;ç
tç;ç
tç;ç
pç;ç
sç;ç
:ç;ç
/ç;ç
/ç;ç
pç;ç
oç;ç
rç;ç
tç;ç
aç;ç
lç;ç
dç;ç
aç;ç
sç;ç
cç;ç
aç;ç
mç;ç
eç;ç
rç;ç
aç;ç
sç;ç
.ç;ç
vç;ç
tç;ç
eç;ç
xç;ç
iç;ç
mç;ç
gç;ç
.ç;ç
cç;ç
oç;ç
mç;ç
.ç;ç
bç;ç
rç;ç
/ç;ç
aç;ç
rç;ç
qç;ç
uç;ç
iç;ç
vç;ç
oç;ç
sç;ç
/ç;ç
iç;ç
dç;ç
sç;ç
/ç;ç
1ç;ç
6ç;ç
1ç;ç
9ç;ç
9ç;ç
7ç;ç
-ç;ç
2ç;ç
5ç;ç
5ç;ç
-ç;ç
2ç;ç
5ç;ç
5ç;ç
/ç;ç
Hç;ç
Dç;ç
-ç;ç
4ç;ç
Tç;ç
Bç;ç
-ç;ç
Sç;ç
Eç;ç
Aç;ç
Gç;ç
Aç;ç
Tç;ç
Eç;ç
-ç;ç
2ç;ç
.ç;ç
jç;ç
pç;ç
gç;ç
?ç;ç
vç;ç
=ç;ç
6ç;ç
3ç;ç
7ç;ç
2ç;ç
3ç;ç
0ç;ç
2ç;ç
9ç;ç
4ç;ç
7ç;ç
7ç;ç
9ç;ç
0ç;ç
7ç;ç
0ç;ç
0ç;ç
0ç;ç
0ç;ç
'ç;ç
,ç;ç
 ç;ç
'ç;ç
Iç;ç
Nç;ç
Fç;ç
Oç;ç
Rç;ç
Mç;ç
Áç;ç
Tç;ç
Iç;ç
Cç;ç
Aç;ç
 ç;ç
Hç;ç
Dç;ç
 ç;ç
iç;ç
nç;ç
tç;ç
eç;ç
rç;ç
nç;ç
oç;ç
'ç;ç
çç;ç
;ç;ç
çç;ç
'ç;ç
7ç;ç
2ç;ç
1ç;ç
6ç;ç
'ç;ç
,ç;ç
 ç;ç
'ç;ç
Hç;ç
Dç;ç
 ç;ç
5ç;ç
0ç;ç
0ç;ç
Gç;ç
Bç;ç
 ç;ç
Wç;ç
eç;ç
sç;ç
tç;ç
eç;ç
rç;ç
nç;ç
 ç;ç
Dç;ç
iç;ç
gç;ç
iç;ç
tç;ç
aç;ç
lç;ç
 ç;ç
Bç;ç
lç;ç
uç;ç
eç;ç
'ç;ç
,ç;ç
 ç;ç
'ç;ç
1ç;ç
1ç;ç
8ç;ç
,ç;ç
0ç;ç
0ç;ç
'ç;ç
,ç;ç
 ç;ç
'ç;ç
hç;ç
tç;ç
tç;ç
pç;ç
sç;ç
:ç;ç
/ç;ç
/ç;ç
pç;ç
oç;ç
rç;ç
tç;ç
aç;ç
lç;ç
dç;ç
aç;ç
sç;ç
cç;ç
aç;ç
mç;ç
eç;ç
rç;ç
aç;ç
sç;ç
.ç;ç
vç;ç
tç;ç
eç;ç
xç;ç
iç;ç
mç;ç
gç;ç
.ç;ç
cç;ç
oç;ç
mç;ç
.ç;ç
bç;ç
rç;ç
/ç;ç
aç;ç
rç;ç
qç;ç
uç;ç
iç;ç
vç;ç
oç;ç
sç;ç
/ç;ç
iç;ç
dç;ç
sç;ç
/ç;ç
1ç;ç
6ç;ç
0ç;ç
1ç;ç
0ç;ç
6ç;ç
-ç;ç
2ç;ç
5ç;ç
5ç;ç
-ç;ç
2ç;ç
5ç;ç
5ç;ç
/ç;ç
Sç;ç
eç;ç
mç;ç
-ç;ç
tç;ç
iç;ç
tç;ç
uç;ç
lç;ç
oç;ç
.ç;ç
jç;ç
pç;ç
gç;ç
?ç;ç
vç;ç
=ç;ç
6ç;ç
3ç;ç
6ç;ç
9ç;ç
3ç;ç
7ç;ç
8ç;ç
7ç;ç
6ç;ç
9ç;ç
9ç;ç
6ç;ç
0ç;ç
0ç;ç
0ç;ç
0ç;ç
0ç;ç
0ç;ç
'ç;ç
,ç;ç
 ç;ç
'ç;ç
Iç;ç
Nç;ç
Fç;ç
Oç;ç
Rç;ç
Mç;ç
Áç;ç
Tç;ç
Iç;ç
Cç;ç
Aç;ç
 ç;ç
Hç;ç
Dç;ç
 ç;ç
iç;ç
nç;ç
tç;ç
eç;ç
rç;ç
nç;ç
oç;ç
'ç;ç
çç;ç
;ç;ç
çç;ç
'ç;ç
7ç;ç
0ç;ç
7ç;ç
7ç;ç
'ç;ç
,ç;ç
 ç;ç
'ç;ç
Hç;ç
Dç;ç
 ç;ç
8ç;ç
Tç;ç
Bç;ç
 ç;ç
Wç;ç
eç;ç
sç;ç
tç;ç
eç;ç
rç;ç
nç;ç
 ç;ç
Dç;ç
iç;ç
gç;ç
iç;ç
tç;ç
aç;ç
lç;ç
 ç;ç
Pç;ç
uç;ç
rç;ç
pç;ç
lç;ç
eç;ç
'ç;ç
,ç;ç
 ç;ç
'ç;ç
2ç;ç
.ç;ç
9ç;ç
4ç;ç
1ç;ç
,ç;ç
2ç;ç
0ç;ç
'ç;ç
,ç;ç
 ç;ç
'ç;ç
hç;ç
tç;ç
tç;ç
pç;ç
sç;ç
:ç;ç
/ç;ç
/ç;ç
pç;ç
oç;ç
rç;ç
tç;ç
aç;ç
lç;ç
dç;ç
aç;ç
sç;ç
cç;ç
aç;ç
mç;ç
eç;ç
rç;ç
aç;ç
sç;ç
.ç;ç
vç;ç
tç;ç
eç;ç
xç;ç
iç;ç
mç;ç
gç;ç
.ç;ç
cç;ç
oç;ç
mç;ç
.ç;ç
bç;ç
rç;ç
/ç;ç
aç;ç
rç;ç
qç;ç
uç;ç
iç;ç
vç;ç
oç;ç
sç;ç
/ç;ç
iç;ç
dç;ç
sç;ç
/ç;ç
1ç;ç
5ç;ç
9ç;ç
8ç;ç
7ç;ç
3ç;ç
-ç;ç
2ç;ç
5ç;ç
5ç;ç
-ç;ç
2ç;ç
5ç;ç
5ç;ç
/ç;ç
7ç;ç
0ç;ç
7ç;ç
7ç;ç
.ç;ç
jç;ç
pç;ç
gç;ç
?ç;ç
vç;ç
=ç;ç
6ç;ç
3ç;ç
6ç;ç
7ç;ç
6ç;ç
1ç;ç
6ç;ç
0ç;ç
8ç;ç
3ç;ç
3ç;ç
5ç;ç
0ç;ç
7ç;ç
0ç;ç
0ç;ç
0ç;ç
0ç;ç
'ç;ç
,ç;ç
 ç;ç
'ç;ç
Iç;ç
Nç;ç
Fç;ç
Oç;ç
Rç;ç
Mç;ç
Áç;ç
Tç;ç
Iç;ç
Cç;ç
Aç;ç
 ç;ç
Hç;ç
Dç;ç
 ç;ç
iç;ç
nç;ç
tç;ç
eç;ç
rç;ç
nç;ç
oç;ç
'ç;ç
çç;ç
;ç;ç
çç;ç
'ç;ç
2ç;ç
1ç;ç
4ç;ç
7ç;ç
'ç;ç
,ç;ç
 ç;ç
'ç;ç
Hç;ç
Dç;ç
 ç;ç
5ç;ç
0ç;ç
0ç;ç
Gç;ç
Bç;ç
 ç;ç
Sç;ç
eç;ç
aç;ç
gç;ç
aç;ç
tç;ç
eç;ç
 ç;ç
Rç;ç
eç;ç
cç;ç
oç;ç
nç;ç
dç;ç
iç;ç
cç;ç
iç;ç
oç;ç
nç;ç
aç;ç
dç;ç
oç;ç
'ç;ç
,ç;ç
 ç;ç
'ç;ç
1ç;ç
2ç;ç
5ç;ç
,ç;ç
0ç;ç
0ç;ç
'ç;ç
,ç;ç
 ç;ç
'ç;ç
hç;ç
tç;ç
tç;ç
pç;ç
sç;ç
:ç;ç
/ç;ç
/ç;ç
pç;ç
oç;ç
rç;ç
tç;ç
aç;ç
lç;ç
dç;ç
aç;ç
sç;ç
cç;ç
aç;ç
mç;ç
eç;ç
rç;ç
aç;ç
sç;ç
.ç;ç
vç;ç
tç;ç
eç;ç
xç;ç
iç;ç
mç;ç
gç;ç
.ç;ç
cç;ç
oç;ç
mç;ç
.ç;ç
bç;ç
rç;ç
/ç;ç
aç;ç
rç;ç
qç;ç
uç;ç
iç;ç
vç;ç
oç;ç
sç;ç
/ç;ç
iç;ç
dç;ç
sç;ç
/ç;ç
1ç;ç
6ç;ç
1ç;ç
9ç;ç
9ç;ç
8ç;ç
-ç;ç
2ç;ç
5ç;ç
5ç;ç
-ç;ç
2ç;ç
5ç;ç
5ç;ç
/ç;ç
Hç;ç
Dç;ç
-ç;ç
5ç;ç
0ç;ç
0ç;ç
Gç;ç
Bç;ç
-ç;ç
Sç;ç
Eç;ç
Aç;ç
Gç;ç
Aç;ç
Tç;ç
Eç;ç
.ç;ç
jç;ç
pç;ç
gç;ç
?ç;ç
vç;ç
=ç;ç
6ç;ç
3ç;ç
7ç;ç
2ç;ç
3ç;ç
0ç;ç
3ç;ç
0ç;ç
7ç;ç
9ç;ç
3ç;ç
3ç;ç
5ç;ç
3ç;ç
0ç;ç
0ç;ç
0ç;ç
0ç;ç
'ç;ç
,ç;ç
 ç;ç
'ç;ç
hç;ç
tç;ç
tç;ç
pç;ç
sç;ç
:ç;ç
/ç;ç
/ç;ç
pç;ç
oç;ç
rç;ç
tç;ç
aç;ç
lç;ç
dç;ç
aç;ç
sç;ç
cç;ç
aç;ç
mç;ç
eç;ç
rç;ç
aç;ç
sç;ç
.ç;ç
vç;ç
tç;ç
eç;ç
xç;ç
iç;ç
mç;ç
gç;ç
.ç;ç
cç;ç
oç;ç
mç;ç
.ç;ç
bç;ç
rç;ç
/ç;ç
aç;ç
rç;ç
qç;ç
uç;ç
iç;ç
vç;ç
oç;ç
sç;ç
/ç;ç
iç;ç
dç;ç
sç;ç
/ç;ç
1ç;ç
6ç;ç
1ç;ç
9ç;ç
9ç;ç
9ç;ç
-ç;ç
2ç;ç
5ç;ç
5ç;ç
-ç;ç
2ç;ç
5ç;ç
5ç;ç
/ç;ç
Hç;ç
Dç;ç
-ç;ç
5ç;ç
0ç;ç
0ç;ç
Gç;ç
Bç;ç
-ç;ç
Sç;ç
Eç;ç
Aç;ç
Gç;ç
Aç;ç
Tç;ç
Eç;ç
-ç;ç
2ç;ç
.ç;ç
jç;ç
pç;ç
gç;ç
?ç;ç
vç;ç
=ç;ç
6ç;ç
3ç;ç
7ç;ç
2ç;ç
3ç;ç
0ç;ç
3ç;ç
0ç;ç
8ç;ç
0ç;ç
6ç;ç
5ç;ç
5ç;ç
3ç;ç
0ç;ç
0ç;ç
0ç;ç
0ç;ç
'ç;ç
,ç;ç
 ç;ç
'ç;ç
Iç;ç
Nç;ç
Fç;ç
Oç;ç
Rç;ç
Mç;ç
Áç;ç
Tç;ç
Iç;ç
Cç;ç
Aç;ç
 ç;ç
Hç;ç
Dç;ç
 ç;ç
iç;ç
nç;ç
tç;ç
eç;ç
rç;ç
nç;ç
oç;ç
'ç;ç
çç;ç
;ç;ç
çç;ç

ç;ç
Vç;ç
aç;ç
zç;ç
iç;ç
oç;ç
çç;ç
;ç;ç
çç;ç
Iç;ç
Nç;ç
Fç;ç
Oç;ç
Rç;ç
Mç;ç
Áç;ç
Tç;ç
Iç;ç
Cç;ç
Aç;ç
 ç;ç
Hç;ç
Dç;ç
 ç;ç
Eç;ç
xç;ç
tç;ç
eç;ç
rç;ç
nç;ç
oç;ç
çç;ç
;ç;ç
çç;ç

ç;ç
'ç;ç
7ç;ç
2ç;ç
5ç;ç
3ç;ç
3ç;ç
'ç;ç
,ç;ç
 ç;ç
'ç;ç
Bç;ç
oç;ç
bç;ç
iç;ç
nç;ç
aç;ç
 ç;ç
Cç;ç
aç;ç
bç;ç
oç;ç
 ç;ç
Dç;ç
eç;ç
 ç;ç
Rç;ç
eç;ç
dç;ç
eç;ç
 ç;ç
Cç;ç
oç;ç
pç;ç
pç;ç
eç;ç
rç;ç
lç;ç
aç;ç
nç;ç
/ç;ç
Cç;ç
oç;ç
pç;ç
pç;ç
eç;ç
rç;ç
lç;ç
iç;ç
nç;ç
kç;ç
 ç;ç
Cç;ç
aç;ç
tç;ç
 ç;ç
5ç;ç
eç;ç
 ç;ç
Aç;ç
zç;ç
uç;ç
lç;ç
 ç;ç
Bç;ç
iç;ç
cç;ç
 ç;ç
3ç;ç
0ç;ç
5ç;ç
mç;ç
'ç;ç
,ç;ç
 ç;ç
'ç;ç
7ç;ç
1ç;ç
8ç;ç
,ç;ç
9ç;ç
0ç;ç
'ç;ç
,ç;ç
 ç;ç
'ç;ç
hç;ç
tç;ç
tç;ç
pç;ç
sç;ç
:ç;ç
/ç;ç
/ç;ç
pç;ç
oç;ç
rç;ç
tç;ç
aç;ç
lç;ç
dç;ç
aç;ç
sç;ç
cç;ç
aç;ç
mç;ç
eç;ç
rç;ç
aç;ç
sç;ç
.ç;ç
vç;ç
tç;ç
eç;ç
xç;ç
iç;ç
mç;ç
gç;ç
.ç;ç
cç;ç
oç;ç
mç;ç
.ç;ç
bç;ç
rç;ç
/ç;ç
aç;ç
rç;ç
qç;ç
uç;ç
iç;ç
vç;ç
oç;ç
sç;ç
/ç;ç
iç;ç
dç;ç
sç;ç
/ç;ç
1ç;ç
6ç;ç
4ç;ç
2ç;ç
8ç;ç
9ç;ç
-ç;ç
2ç;ç
5ç;ç
5ç;ç
-ç;ç
2ç;ç
5ç;ç
5ç;ç
/ç;ç
7ç;ç
2ç;ç
5ç;ç
3ç;ç
3ç;ç
.ç;ç
jç;ç
pç;ç
gç;ç
?ç;ç
vç;ç
=ç;ç
6ç;ç
3ç;ç
8ç;ç
0ç;ç
2ç;ç
2ç;ç
9ç;ç
9ç;ç
4ç;ç
6ç;ç
7ç;ç
1ç;ç
6ç;ç
0ç;ç
0ç;ç
0ç;ç
0ç;ç
0ç;ç
'ç;ç
,ç;ç
 ç;ç
'ç;ç
Iç;ç
Nç;ç
Fç;ç
Oç;ç
Rç;ç
Mç;ç
Áç;ç
Tç;ç
Iç;ç
Cç;ç
Aç;ç
 ç;ç
Oç;ç
uç;ç
tç;ç
rç;ç
oç;ç
sç;ç
'ç;ç
çç;ç
;ç;ç
çç;ç
'ç;ç
8ç;ç
9ç;ç
0ç;ç
0ç;ç
5ç;ç
'ç;ç
,ç;ç
 ç;ç
'ç;ç
Cç;ç
aç;ç
rç;ç
tç;ç
ãç;ç
oç;ç
 ç;ç
Dç;ç
eç;ç
 ç;ç
Mç;ç
eç;ç
mç;ç
óç;ç
rç;ç
iç;ç
aç;ç
 ç;ç
Sç;ç
aç;ç
nç;ç
dç;ç
iç;ç
sç;ç
kç;ç
 ç;ç
Uç;ç
lç;ç
tç;ç
rç;ç
aç;ç
 ç;ç
Mç;ç
iç;ç
cç;ç
rç;ç
oç;ç
 ç;ç
Sç;ç
Dç;ç
 ç;ç
1ç;ç
2ç;ç
8ç;ç
Gç;ç
Bç;ç
'ç;ç
,ç;ç
 ç;ç
'ç;ç
1ç;ç
2ç;ç
2ç;ç
,ç;ç
3ç;ç
0ç;ç
'ç;ç
,ç;ç
 ç;ç
'ç;ç
hç;ç
tç;ç
tç;ç
pç;ç
sç;ç
:ç;ç
/ç;ç
/ç;ç
pç;ç
oç;ç
rç;ç
tç;ç
aç;ç
lç;ç
dç;ç
aç;ç
sç;ç
cç;ç
aç;ç
mç;ç
eç;ç
rç;ç
aç;ç
sç;ç
.ç;ç
vç;ç
tç;ç
eç;ç
xç;ç
iç;ç
mç;ç
gç;ç
.ç;ç
cç;ç
oç;ç
mç;ç
.ç;ç
bç;ç
rç;ç
/ç;ç
aç;ç
rç;ç
qç;ç
uç;ç
iç;ç
vç;ç
oç;ç
sç;ç
/ç;ç
iç;ç
dç;ç
sç;ç
/ç;ç
1ç;ç
6ç;ç
4ç;ç
2ç;ç
6ç;ç
0ç;ç
-ç;ç
2ç;ç
5ç;ç
5ç;ç
-ç;ç
2ç;ç
5ç;ç
5ç;ç
/ç;ç
8ç;ç
9ç;ç
0ç;ç
0ç;ç
5ç;ç
.ç;ç
jç;ç
pç;ç
gç;ç
?ç;ç
vç;ç
=ç;ç
6ç;ç
3ç;ç
8ç;ç
0ç;ç
1ç;ç
8ç;ç
0ç;ç
5ç;ç
4ç;ç
4ç;ç
6ç;ç
7ç;ç
4ç;ç
3ç;ç
0ç;ç
0ç;ç
0ç;ç
0ç;ç
'ç;ç
,ç;ç
 ç;ç
'ç;ç
Iç;ç
Nç;ç
Fç;ç
Oç;ç
Rç;ç
Mç;ç
Áç;ç
Tç;ç
Iç;ç
Cç;ç
Aç;ç
 ç;ç
Oç;ç
uç;ç
tç;ç
rç;ç
oç;ç
sç;ç
'ç;ç
çç;ç
;ç;ç
çç;ç
'ç;ç
9ç;ç
1ç;ç
0ç;ç
1ç;ç
5ç;ç
'ç;ç
,ç;ç
 ç;ç
'ç;ç
Mç;ç
iç;ç
nç;ç
iç;ç
 ç;ç
Sç;ç
uç;ç
bç;ç
wç;ç
oç;ç
oç;ç
fç;ç
eç;ç
rç;ç
 ç;ç
Kç;ç
nç;ç
uç;ç
pç;ç
 ç;ç
2ç;ç
.ç;ç
1ç;ç
 ç;ç
Bç;ç
lç;ç
uç;ç
eç;ç
tç;ç
oç;ç
oç;ç
tç;ç
hç;ç
 ç;ç
cç;ç
oç;ç
mç;ç
 ç;ç
Eç;ç
nç;ç
tç;ç
rç;ç
aç;ç
dç;ç
aç;ç
 ç;ç
Uç;ç
Sç;ç
Bç;ç
/ç;ç
Rç;ç
Cç;ç
Aç;ç
/ç;ç
Pç;ç
2ç;ç
 ç;ç
Kç;ç
Pç;ç
-ç;ç
6ç;ç
0ç;ç
1ç;ç
8ç;ç
Bç;ç
Hç;ç
'ç;ç
,ç;ç
 ç;ç
'ç;ç
9ç;ç
6ç;ç
,ç;ç
7ç;ç
0ç;ç
'ç;ç
,ç;ç
 ç;ç
'ç;ç
hç;ç
tç;ç
tç;ç
pç;ç
sç;ç
:ç;ç
/ç;ç
/ç;ç
pç;ç
oç;ç
rç;ç
tç;ç
aç;ç
lç;ç
dç;ç
aç;ç
sç;ç
cç;ç
aç;ç
mç;ç
eç;ç
rç;ç
aç;ç
sç;ç
.ç;ç
vç;ç
tç;ç
eç;ç
xç;ç
iç;ç
mç;ç
gç;ç
.ç;ç
cç;ç
oç;ç
mç;ç
.ç;ç
bç;ç
rç;ç
/ç;ç
aç;ç
rç;ç
qç;ç
uç;ç
iç;ç
vç;ç
oç;ç
sç;ç
/ç;ç
iç;ç
dç;ç
sç;ç
/ç;ç
1ç;ç
6ç;ç
4ç;ç
2ç;ç
0ç;ç
9ç;ç
-ç;ç
2ç;ç
5ç;ç
5ç;ç
-ç;ç
2ç;ç
5ç;ç
5ç;ç
/ç;ç
9ç;ç
1ç;ç
0ç;ç
1ç;ç
5ç;ç
.ç;ç
jç;ç
pç;ç
gç;ç
?ç;ç
vç;ç
=ç;ç
6ç;ç
3ç;ç
8ç;ç
0ç;ç
0ç;ç
5ç;ç
9ç;ç
1ç;ç
4ç;ç
7ç;ç
8ç;ç
4ç;ç
9ç;ç
7ç;ç
0ç;ç
0ç;ç
0ç;ç
0ç;ç
'ç;ç
,ç;ç
 ç;ç
'ç;ç
Iç;ç
Nç;ç
Fç;ç
Oç;ç
Rç;ç
Mç;ç
Áç;ç
Tç;ç
Iç;ç
Cç;ç
Aç;ç
 ç;ç
Oç;ç
uç;ç
tç;ç
rç;ç
oç;ç
sç;ç
'ç;ç
çç;ç
;ç;ç
çç;ç
'ç;ç
3ç;ç
5ç;ç
0ç;ç
6ç;ç
1ç;ç
'ç;ç
,ç;ç
 ç;ç
'ç;ç
Eç;ç
sç;ç
tç;ç
aç;ç
bç;ç
iç;ç
lç;ç
iç;ç
zç;ç
aç;ç
dç;ç
oç;ç
rç;ç
 ç;ç
Tç;ç
Sç;ç
 ç;ç
Sç;ç
hç;ç
aç;ç
rç;ç
aç;ç
 ç;ç
3ç;ç
0ç;ç
0ç;ç
Vç;ç
Aç;ç
 ç;ç
Mç;ç
oç;ç
nç;ç
oç;ç
 ç;ç
1ç;ç
1ç;ç
5ç;ç
Vç;ç
'ç;ç
,ç;ç
 ç;ç
'ç;ç
1ç;ç
5ç;ç
7ç;ç
,ç;ç
2ç;ç
0ç;ç
'ç;ç
,ç;ç
 ç;ç
'ç;ç
hç;ç
tç;ç
tç;ç
pç;ç
sç;ç
:ç;ç
/ç;ç
/ç;ç
pç;ç
oç;ç
rç;ç
tç;ç
aç;ç
lç;ç
dç;ç
aç;ç
sç;ç
cç;ç
aç;ç
mç;ç
eç;ç
rç;ç
aç;ç
sç;ç
.ç;ç
vç;ç
tç;ç
eç;ç
xç;ç
iç;ç
mç;ç
gç;ç
.ç;ç
cç;ç
oç;ç
mç;ç
.ç;ç
bç;ç
rç;ç
/ç;ç
aç;ç
rç;ç
qç;ç
uç;ç
iç;ç
vç;ç
oç;ç
sç;ç
/ç;ç
iç;ç
dç;ç
sç;ç
/ç;ç
1ç;ç
6ç;ç
4ç;ç
2ç;ç
0ç;ç
8ç;ç
-ç;ç
2ç;ç
5ç;ç
5ç;ç
-ç;ç
2ç;ç
5ç;ç
5ç;ç
/ç;ç
3ç;ç
5ç;ç
0ç;ç
6ç;ç
1ç;ç
.ç;ç
jç;ç
pç;ç
gç;ç
?ç;ç
vç;ç
=ç;ç
6ç;ç
3ç;ç
8ç;ç
0ç;ç
0ç;ç
5ç;ç
8ç;ç
6ç;ç
3ç;ç
5ç;ç
4ç;ç
1ç;ç
5ç;ç
0ç;ç
0ç;ç
0ç;ç
0ç;ç
0ç;ç
'ç;ç
,ç;ç
 ç;ç
'ç;ç
Iç;ç
Nç;ç
Fç;ç
Oç;ç
Rç;ç
Mç;ç
Áç;ç
Tç;ç
Iç;ç
Cç;ç
Aç;ç
 ç;ç
Oç;ç
uç;ç
tç;ç
rç;ç
oç;ç
sç;ç
'ç;ç
çç;ç
;ç;ç
çç;ç
'ç;ç
9ç;ç
1ç;ç
1ç;ç
9ç;ç
1ç;ç
'ç;ç
,ç;ç
 ç;ç
'ç;ç
Eç;ç
sç;ç
tç;ç
aç;ç
bç;ç
iç;ç
lç;ç
iç;ç
zç;ç
aç;ç
dç;ç
oç;ç
rç;ç
 ç;ç
Pç;ç
oç;ç
wç;ç
eç;ç
rç;ç
eç;ç
sç;ç
tç;ç
 ç;ç
3ç;ç
0ç;ç
0ç;ç
Vç;ç
Aç;ç
 ç;ç
Mç;ç
oç;ç
nç;ç
oç;ç
vç;ç
oç;ç
lç;ç
tç;ç
 ç;ç
2ç;ç
2ç;ç
0ç;ç
Vç;ç
 ç;ç
4ç;ç
 ç;ç
Tç;ç
oç;ç
mç;ç
aç;ç
dç;ç
aç;ç
sç;ç
 ç;ç
9ç;ç
1ç;ç
1ç;ç
9ç;ç
 ç;ç
Tç;ç
Sç;ç
 ç;ç
Sç;ç
Hç;ç
Aç;ç
Rç;ç
Aç;ç
'ç;ç
,ç;ç
 ç;ç
'ç;ç
1ç;ç
5ç;ç
0ç;ç
,ç;ç
4ç;ç
0ç;ç
'ç;ç
,ç;ç
 ç;ç
'ç;ç
hç;ç
tç;ç
tç;ç
pç;ç
sç;ç
:ç;ç
/ç;ç
/ç;ç
pç;ç
oç;ç
rç;ç
tç;ç
aç;ç
lç;ç
dç;ç
aç;ç
sç;ç
cç;ç
aç;ç
mç;ç
eç;ç
rç;ç
aç;ç
sç;ç
.ç;ç
vç;ç
tç;ç
eç;ç
xç;ç
iç;ç
mç;ç
gç;ç
.ç;ç
cç;ç
oç;ç
mç;ç
.ç;ç
bç;ç
rç;ç
/ç;ç
aç;ç
rç;ç
qç;ç
uç;ç
iç;ç
vç;ç
oç;ç
sç;ç
/ç;ç
iç;ç
dç;ç
sç;ç
/ç;ç
1ç;ç
6ç;ç
4ç;ç
0ç;ç
6ç;ç
4ç;ç
-ç;ç
2ç;ç
5ç;ç
5ç;ç
-ç;ç
2ç;ç
5ç;ç
5ç;ç
/ç;ç
9ç;ç
1ç;ç
1ç;ç
9ç;ç
1ç;ç
.ç;ç
pç;ç
nç;ç
gç;ç
?ç;ç
vç;ç
=ç;ç
6ç;ç
3ç;ç
7ç;ç
9ç;ç
5ç;ç
3ç;ç
2ç;ç
0ç;ç
0ç;ç
1ç;ç
9ç;ç
6ç;ç
4ç;ç
0ç;ç
0ç;ç
0ç;ç
0ç;ç
0ç;ç
'ç;ç
,ç;ç
 ç;ç
'ç;ç
hç;ç
tç;ç
tç;ç
pç;ç
sç;ç
:ç;ç
/ç;ç
/ç;ç
pç;ç
oç;ç
rç;ç
tç;ç
aç;ç
lç;ç
dç;ç
aç;ç
sç;ç
cç;ç
aç;ç
mç;ç
eç;ç
rç;ç
aç;ç
sç;ç
.ç;ç
vç;ç
tç;ç
eç;ç
xç;ç
iç;ç
mç;ç
gç;ç
.ç;ç
cç;ç
oç;ç
mç;ç
.ç;ç
bç;ç
rç;ç
/ç;ç
aç;ç
rç;ç
qç;ç
uç;ç
iç;ç
vç;ç
oç;ç
sç;ç
/ç;ç
iç;ç
dç;ç
sç;ç
/ç;ç
1ç;ç
6ç;ç
4ç;ç
0ç;ç
6ç;ç
5ç;ç
-ç;ç
2ç;ç
5ç;ç
5ç;ç
-ç;ç
2ç;ç
5ç;ç
5ç;ç
/ç;ç
9ç;ç
1ç;ç
1ç;ç
9ç;ç
1ç;ç
-ç;ç
1ç;ç
.ç;ç
pç;ç
nç;ç
gç;ç
?ç;ç
vç;ç
=ç;ç
6ç;ç
3ç;ç
7ç;ç
9ç;ç
5ç;ç
3ç;ç
2ç;ç
0ç;ç
0ç;ç
2ç;ç
7ç;ç
9ç;ç
5ç;ç
3ç;ç
0ç;ç
0ç;ç
0ç;ç
0ç;ç
'ç;ç
,ç;ç
 ç;ç
'ç;ç
hç;ç
tç;ç
tç;ç
pç;ç
sç;ç
:ç;ç
/ç;ç
/ç;ç
pç;ç
oç;ç
rç;ç
tç;ç
aç;ç
lç;ç
dç;ç
aç;ç
sç;ç
cç;ç
aç;ç
mç;ç
eç;ç
rç;ç
aç;ç
sç;ç
.ç;ç
vç;ç
tç;ç
eç;ç
xç;ç
iç;ç
mç;ç
gç;ç
.ç;ç
cç;ç
oç;ç
mç;ç
.ç;ç
bç;ç
rç;ç
/ç;ç
aç;ç
rç;ç
qç;ç
uç;ç
iç;ç
vç;ç
oç;ç
sç;ç
/ç;ç
iç;ç
dç;ç
sç;ç
/ç;ç
1ç;ç
6ç;ç
4ç;ç
0ç;ç
6ç;ç
6ç;ç
-ç;ç
2ç;ç
5ç;ç
5ç;ç
-ç;ç
2ç;ç
5ç;ç
5ç;ç
/ç;ç
9ç;ç
1ç;ç
1ç;ç
9ç;ç
1ç;ç
-ç;ç
2ç;ç
.ç;ç
pç;ç
nç;ç
gç;ç
?ç;ç
vç;ç
=ç;ç
6ç;ç
3ç;ç
7ç;ç
9ç;ç
5ç;ç
3ç;ç
2ç;ç
0ç;ç
0ç;ç
3ç;ç
8ç;ç
3ç;ç
7ç;ç
0ç;ç
0ç;ç
0ç;ç
0ç;ç
0ç;ç
'ç;ç
,ç;ç
 ç;ç
'ç;ç
Iç;ç
Nç;ç
Fç;ç
Oç;ç
Rç;ç
Mç;ç
Áç;ç
Tç;ç
Iç;ç
Cç;ç
Aç;ç
 ç;ç
Oç;ç
uç;ç
tç;ç
rç;ç
oç;ç
sç;ç
'ç;ç
çç;ç
;ç;ç
çç;ç
'ç;ç
2ç;ç
3ç;ç
1ç;ç
1ç;ç
5ç;ç
'ç;ç
,ç;ç
 ç;ç
'ç;ç
Mç;ç
iç;ç
nç;ç
iç;ç
 ç;ç
Cç;ç
oç;ç
nç;ç
vç;ç
eç;ç
rç;ç
sç;ç
oç;ç
rç;ç
 ç;ç
Hç;ç
Dç;ç
Mç;ç
Iç;ç
 ç;ç
xç;ç
 ç;ç
Vç;ç
Gç;ç
Aç;ç
 ç;ç
Kç;ç
nç;ç
uç;ç
pç;ç
 ç;ç
Kç;ç
Pç;ç
-ç;ç
Aç;ç
Dç;ç
1ç;ç
1ç;ç
5ç;ç
'ç;ç
,ç;ç
 ç;ç
'ç;ç
2ç;ç
1ç;ç
,ç;ç
5ç;ç
0ç;ç
'ç;ç
,ç;ç
 ç;ç
'ç;ç
hç;ç
tç;ç
tç;ç
pç;ç
sç;ç
:ç;ç
/ç;ç
/ç;ç
pç;ç
oç;ç
rç;ç
tç;ç
aç;ç
lç;ç
dç;ç
aç;ç
sç;ç
cç;ç
aç;ç
mç;ç
eç;ç
rç;ç
aç;ç
sç;ç
.ç;ç
vç;ç
tç;ç
eç;ç
xç;ç
iç;ç
mç;ç
gç;ç
.ç;ç
cç;ç
oç;ç
mç;ç
.ç;ç
bç;ç
rç;ç
/ç;ç
aç;ç
rç;ç
qç;ç
uç;ç
iç;ç
vç;ç
oç;ç
sç;ç
/ç;ç
iç;ç
dç;ç
sç;ç
/ç;ç
1ç;ç
6ç;ç
4ç;ç
0ç;ç
0ç;ç
8ç;ç
-ç;ç
2ç;ç
5ç;ç
5ç;ç
-ç;ç
2ç;ç
5ç;ç
5ç;ç
/ç;ç
2ç;ç
3ç;ç
1ç;ç
1ç;ç
5ç;ç
_ç;ç
0ç;ç
1ç;ç
.ç;ç
jç;ç
pç;ç
gç;ç
?ç;ç
vç;ç
=ç;ç
6ç;ç
3ç;ç
7ç;ç
8ç;ç
2ç;ç
4ç;ç
4ç;ç
7ç;ç
1ç;ç
2ç;ç
8ç;ç
5ç;ç
5ç;ç
0ç;ç
0ç;ç
0ç;ç
0ç;ç
0ç;ç
'ç;ç
,ç;ç
 ç;ç
'ç;ç
hç;ç
tç;ç
tç;ç
pç;ç
sç;ç
:ç;ç
/ç;ç
/ç;ç
pç;ç
oç;ç
rç;ç
tç;ç
aç;ç
lç;ç
dç;ç
aç;ç
sç;ç
cç;ç
aç;ç
mç;ç
eç;ç
rç;ç
aç;ç
sç;ç
.ç;ç
vç;ç
tç;ç
eç;ç
xç;ç
iç;ç
mç;ç
gç;ç
.ç;ç
cç;ç
oç;ç
mç;ç
.ç;ç
bç;ç
rç;ç
/ç;ç
aç;ç
rç;ç
qç;ç
uç;ç
iç;ç
vç;ç
oç;ç
sç;ç
/ç;ç
iç;ç
dç;ç
sç;ç
/ç;ç
1ç;ç
6ç;ç
4ç;ç
0ç;ç
0ç;ç
9ç;ç
-ç;ç
2ç;ç
5ç;ç
5ç;ç
-ç;ç
2ç;ç
5ç;ç
5ç;ç
/ç;ç
2ç;ç
3ç;ç
1ç;ç
1ç;ç
5ç;ç
_ç;ç
0ç;ç
2ç;ç
.ç;ç
jç;ç
pç;ç
gç;ç
?ç;ç
vç;ç
=ç;ç
6ç;ç
3ç;ç
7ç;ç
8ç;ç
2ç;ç
4ç;ç
4ç;ç
7ç;ç
1ç;ç
3ç;ç
8ç;ç
8ç;ç
5ç;ç
0ç;ç
0ç;ç
0ç;ç
0ç;ç
0ç;ç
'ç;ç
,ç;ç
 ç;ç
'ç;ç
Iç;ç
Nç;ç
Fç;ç
Oç;ç
Rç;ç
Mç;ç
Áç;ç
Tç;ç
Iç;ç
Cç;ç
Aç;ç
 ç;ç
Oç;ç
uç;ç
tç;ç
rç;ç
oç;ç
sç;ç
'ç;ç
çç;ç
;ç;ç
çç;ç
'ç;ç
2ç;ç
3ç;ç
4ç;ç
6ç;ç
5ç;ç
'ç;ç
,ç;ç
 ç;ç
'ç;ç
Sç;ç
wç;ç
iç;ç
tç;ç
cç;ç
hç;ç
 ç;ç
Hç;ç
Dç;ç
Mç;ç
Iç;ç
 ç;ç
Uç;ç
lç;ç
tç;ç
rç;ç
aç;ç
 ç;ç
Hç;ç
Dç;ç
 ç;ç
4ç;ç
Kç;ç
 ç;ç
3ç;ç
xç;ç
1ç;ç
 ç;ç
Kç;ç
nç;ç
uç;ç
pç;ç
 ç;ç
 ç;ç
Kç;ç
Pç;ç
-ç;ç
3ç;ç
4ç;ç
6ç;ç
5ç;ç
 ç;ç
-ç;ç
 ç;ç
Sç;ç
wç;ç
iç;ç
tç;ç
cç;ç
hç;ç
 ç;ç
Hç;ç
Dç;ç
Mç;ç
Iç;ç
 ç;ç
Uç;ç
lç;ç
tç;ç
rç;ç
aç;ç
 ç;ç
Hç;ç
Dç;ç
 ç;ç
4ç;ç
Kç;ç
 ç;ç
3ç;ç
xç;ç
1ç;ç
 ç;ç
Kç;ç
nç;ç
uç;ç
pç;ç
 ç;ç
Kç;ç
Pç;ç
-ç;ç
3ç;ç
4ç;ç
6ç;ç
5ç;ç
'ç;ç
,ç;ç
 ç;ç
'ç;ç
3ç;ç
1ç;ç
,ç;ç
1ç;ç
0ç;ç
'ç;ç
,ç;ç
 ç;ç
'ç;ç
hç;ç
tç;ç
tç;ç
pç;ç
sç;ç
:ç;ç
/ç;ç
/ç;ç
pç;ç
oç;ç
rç;ç
tç;ç
aç;ç
lç;ç
dç;ç
aç;ç
sç;ç
cç;ç
aç;ç
mç;ç
eç;ç
rç;ç
aç;ç
sç;ç
.ç;ç
vç;ç
tç;ç
eç;ç
xç;ç
iç;ç
mç;ç
gç;ç
.ç;ç
cç;ç
oç;ç
mç;ç
.ç;ç
bç;ç
rç;ç
/ç;ç
aç;ç
rç;ç
qç;ç
uç;ç
iç;ç
vç;ç
oç;ç
sç;ç
/ç;ç
iç;ç
dç;ç
sç;ç
/ç;ç
1ç;ç
6ç;ç
4ç;ç
0ç;ç
0ç;ç
3ç;ç
-ç;ç
2ç;ç
5ç;ç
5ç;ç
-ç;ç
2ç;ç
5ç;ç
5ç;ç
/ç;ç
2ç;ç
3ç;ç
4ç;ç
6ç;ç
5ç;ç
_ç;ç
0ç;ç
1ç;ç
.ç;ç
jç;ç
pç;ç
gç;ç
?ç;ç
vç;ç
=ç;ç
6ç;ç
3ç;ç
7ç;ç
8ç;ç
2ç;ç
4ç;ç
4ç;ç
4ç;ç
3ç;ç
9ç;ç
7ç;ç
5ç;ç
2ç;ç
0ç;ç
0ç;ç
0ç;ç
0ç;ç
0ç;ç
'ç;ç
,ç;ç
 ç;ç
'ç;ç
hç;ç
tç;ç
tç;ç
pç;ç
sç;ç
:ç;ç
/ç;ç
/ç;ç
pç;ç
oç;ç
rç;ç
tç;ç
aç;ç
lç;ç
dç;ç
aç;ç
sç;ç
cç;ç
aç;ç
mç;ç
eç;ç
rç;ç
aç;ç
sç;ç
.ç;ç
vç;ç
tç;ç
eç;ç
xç;ç
iç;ç
mç;ç
gç;ç
.ç;ç
cç;ç
oç;ç
mç;ç
.ç;ç
bç;ç
rç;ç
/ç;ç
aç;ç
rç;ç
qç;ç
uç;ç
iç;ç
vç;ç
oç;ç
sç;ç
/ç;ç
iç;ç
dç;ç
sç;ç
/ç;ç
1ç;ç
6ç;ç
4ç;ç
0ç;ç
0ç;ç
4ç;ç
-ç;ç
2ç;ç
5ç;ç
5ç;ç
-ç;ç
2ç;ç
5ç;ç
5ç;ç
/ç;ç
2ç;ç
3ç;ç
4ç;ç
6ç;ç
5ç;ç
_ç;ç
0ç;ç
2ç;ç
.ç;ç
jç;ç
pç;ç
gç;ç
?ç;ç
vç;ç
=ç;ç
6ç;ç
3ç;ç
7ç;ç
8ç;ç
2ç;ç
4ç;ç
4ç;ç
4ç;ç
4ç;ç
0ç;ç
8ç;ç
7ç;ç
2ç;ç
3ç;ç
0ç;ç
0ç;ç
0ç;ç
0ç;ç
'ç;ç
,ç;ç
 ç;ç
'ç;ç
hç;ç
tç;ç
tç;ç
pç;ç
sç;ç
:ç;ç
/ç;ç
/ç;ç
pç;ç
oç;ç
rç;ç
tç;ç
aç;ç
lç;ç
dç;ç
aç;ç
sç;ç
cç;ç
aç;ç
mç;ç
eç;ç
rç;ç
aç;ç
sç;ç
.ç;ç
vç;ç
tç;ç
eç;ç
xç;ç
iç;ç
mç;ç
gç;ç
.ç;ç
cç;ç
oç;ç
mç;ç
.ç;ç
bç;ç
rç;ç
/ç;ç
aç;ç
rç;ç
qç;ç
uç;ç
iç;ç
vç;ç
oç;ç
sç;ç
/ç;ç
iç;ç
dç;ç
sç;ç
/ç;ç
1ç;ç
6ç;ç
4ç;ç
0ç;ç
0ç;ç
5ç;ç
-ç;ç
2ç;ç
5ç;ç
5ç;ç
-ç;ç
2ç;ç
5ç;ç
5ç;ç
/ç;ç
2ç;ç
3ç;ç
4ç;ç
6ç;ç
5ç;ç
_ç;ç
0ç;ç
3ç;ç
.ç;ç
jç;ç
pç;ç
gç;ç
?ç;ç
vç;ç
=ç;ç
6ç;ç
3ç;ç
7ç;ç
8ç;ç
2ç;ç
4ç;ç
4ç;ç
4ç;ç
4ç;ç
1ç;ç
7ç;ç
4ç;ç
6ç;ç
7ç;ç
0ç;ç
0ç;ç
0ç;ç
0ç;ç
'ç;ç
,ç;ç
 ç;ç
'ç;ç
hç;ç
tç;ç
tç;ç
pç;ç
sç;ç
:ç;ç
/ç;ç
/ç;ç
pç;ç
oç;ç
rç;ç
tç;ç
aç;ç
lç;ç
dç;ç
aç;ç
sç;ç
cç;ç
aç;ç
mç;ç
eç;ç
rç;ç
aç;ç
sç;ç
.ç;ç
vç;ç
tç;ç
eç;ç
xç;ç
iç;ç
mç;ç
gç;ç
.ç;ç
cç;ç
oç;ç
mç;ç
.ç;ç
bç;ç
rç;ç
/ç;ç
aç;ç
rç;ç
qç;ç
uç;ç
iç;ç
vç;ç
oç;ç
sç;ç
/ç;ç
iç;ç
dç;ç
sç;ç
/ç;ç
1ç;ç
6ç;ç
4ç;ç
0ç;ç
0ç;ç
6ç;ç
-ç;ç
2ç;ç
5ç;ç
5ç;ç
-ç;ç
2ç;ç
5ç;ç
5ç;ç
/ç;ç
2ç;ç
3ç;ç
4ç;ç
6ç;ç
5ç;ç
_ç;ç
0ç;ç
4ç;ç
.ç;ç
jç;ç
pç;ç
gç;ç
?ç;ç
vç;ç
=ç;ç
6ç;ç
3ç;ç
7ç;ç
8ç;ç
2ç;ç
4ç;ç
4ç;ç
4ç;ç
4ç;ç
2ç;ç
6ç;ç
7ç;ç
0ç;ç
0ç;ç
0ç;ç
0ç;ç
0ç;ç
0ç;ç
'ç;ç
,ç;ç
 ç;ç
'ç;ç
hç;ç
tç;ç
tç;ç
pç;ç
sç;ç
:ç;ç
/ç;ç
/ç;ç
pç;ç
oç;ç
rç;ç
tç;ç
aç;ç
lç;ç
dç;ç
aç;ç
sç;ç
cç;ç
aç;ç
mç;ç
eç;ç
rç;ç
aç;ç
sç;ç
.ç;ç
vç;ç
tç;ç
eç;ç
xç;ç
iç;ç
mç;ç
gç;ç
.ç;ç
cç;ç
oç;ç
mç;ç
.ç;ç
bç;ç
rç;ç
/ç;ç
aç;ç
rç;ç
qç;ç
uç;ç
iç;ç
vç;ç
oç;ç
sç;ç
/ç;ç
iç;ç
dç;ç
sç;ç
/ç;ç
1ç;ç
6ç;ç
4ç;ç
0ç;ç
0ç;ç
7ç;ç
-ç;ç
2ç;ç
5ç;ç
5ç;ç
-ç;ç
2ç;ç
5ç;ç
5ç;ç
/ç;ç
2ç;ç
3ç;ç
4ç;ç
6ç;ç
5ç;ç
_ç;ç
0ç;ç
5ç;ç
.ç;ç
jç;ç
pç;ç
gç;ç
?ç;ç
vç;ç
=ç;ç
6ç;ç
3ç;ç
7ç;ç
8ç;ç
2ç;ç
4ç;ç
4ç;ç
4ç;ç
4ç;ç
3ç;ç
8ç;ç
0ç;ç
2ç;ç
7ç;ç
0ç;ç
0ç;ç
0ç;ç
0ç;ç
'ç;ç
,ç;ç
 ç;ç
'ç;ç
Iç;ç
Nç;ç
Fç;ç
Oç;ç
Rç;ç
Mç;ç
Áç;ç
Tç;ç
Iç;ç
Cç;ç
Aç;ç
 ç;ç
Oç;ç
uç;ç
tç;ç
rç;ç
oç;ç
sç;ç
'ç;ç
çç;ç
;ç;ç
çç;ç
'ç;ç
7ç;ç
1ç;ç
5ç;ç
3ç;ç
5ç;ç
'ç;ç
,ç;ç
 ç;ç
'ç;ç
Cç;ç
aç;ç
bç;ç
oç;ç
 ç;ç
dç;ç
eç;ç
 ç;ç
Rç;ç
eç;ç
dç;ç
eç;ç
 ç;ç
Cç;ç
oç;ç
pç;ç
pç;ç
eç;ç
rç;ç
lç;ç
aç;ç
nç;ç
 ç;ç
Cç;ç
aç;ç
tç;ç
 ç;ç
5ç;ç
Eç;ç
 ç;ç
Aç;ç
zç;ç
uç;ç
lç;ç
 ç;ç
Cç;ç
lç;ç
aç;ç
rç;ç
oç;ç
 ç;ç
1ç;ç
,ç;ç
5ç;ç
mç;ç
'ç;ç
,ç;ç
 ç;ç
'ç;ç
1ç;ç
2ç;ç
,ç;ç
2ç;ç
0ç;ç
'ç;ç
,ç;ç
 ç;ç
'ç;ç
hç;ç
tç;ç
tç;ç
pç;ç
sç;ç
:ç;ç
/ç;ç
/ç;ç
pç;ç
oç;ç
rç;ç
tç;ç
aç;ç
lç;ç
dç;ç
aç;ç
sç;ç
cç;ç
aç;ç
mç;ç
eç;ç
rç;ç
aç;ç
sç;ç
.ç;ç
vç;ç
tç;ç
eç;ç
xç;ç
iç;ç
mç;ç
gç;ç
.ç;ç
cç;ç
oç;ç
mç;ç
.ç;ç
bç;ç
rç;ç
/ç;ç
aç;ç
rç;ç
qç;ç
uç;ç
iç;ç
vç;ç
oç;ç
sç;ç
/ç;ç
iç;ç
dç;ç
sç;ç
/ç;ç
1ç;ç
6ç;ç
4ç;ç
0ç;ç
0ç;ç
1ç;ç
-ç;ç
2ç;ç
5ç;ç
5ç;ç
-ç;ç
2ç;ç
5ç;ç
5ç;ç
/ç;ç
7ç;ç
1ç;ç
5ç;ç
3ç;ç
5ç;ç
.ç;ç
jç;ç
pç;ç
gç;ç
?ç;ç
vç;ç
=ç;ç
6ç;ç
3ç;ç
7ç;ç
8ç;ç
2ç;ç
4ç;ç
4ç;ç
0ç;ç
4ç;ç
1ç;ç
1ç;ç
1ç;ç
1ç;ç
3ç;ç
0ç;ç
0ç;ç
0ç;ç
0ç;ç
'ç;ç
,ç;ç
 ç;ç
'ç;ç
Iç;ç
Nç;ç
Fç;ç
Oç;ç
Rç;ç
Mç;ç
Áç;ç
Tç;ç
Iç;ç
Cç;ç
Aç;ç
 ç;ç
Oç;ç
uç;ç
tç;ç
rç;ç
oç;ç
sç;ç
'ç;ç
çç;ç
;ç;ç
çç;ç
'ç;ç
2ç;ç
2ç;ç
1ç;ç
8ç;ç
2ç;ç
'ç;ç
,ç;ç
 ç;ç
'ç;ç
Hç;ç
uç;ç
bç;ç
 ç;ç
Uç;ç
Sç;ç
Bç;ç
 ç;ç
Kç;ç
nç;ç
uç;ç
pç;ç
 ç;ç
2ç;ç
.ç;ç
0ç;ç
 ç;ç
dç;ç
eç;ç
 ç;ç
3ç;ç
 ç;ç
pç;ç
oç;ç
rç;ç
tç;ç
aç;ç
sç;ç
 ç;ç
Hç;ç
Bç;ç
-ç;ç
Tç;ç
8ç;ç
2ç;ç
'ç;ç
,ç;ç
 ç;ç
'ç;ç
1ç;ç
4ç;ç
,ç;ç
5ç;ç
0ç;ç
'ç;ç
,ç;ç
 ç;ç
'ç;ç
hç;ç
tç;ç
tç;ç
pç;ç
sç;ç
:ç;ç
/ç;ç
/ç;ç
pç;ç
oç;ç
rç;ç
tç;ç
aç;ç
lç;ç
dç;ç
aç;ç
sç;ç
cç;ç
aç;ç
mç;ç
eç;ç
rç;ç
aç;ç
sç;ç
.ç;ç
vç;ç
tç;ç
eç;ç
xç;ç
iç;ç
mç;ç
gç;ç
.ç;ç
cç;ç
oç;ç
mç;ç
.ç;ç
bç;ç
rç;ç
/ç;ç
aç;ç
rç;ç
qç;ç
uç;ç
iç;ç
vç;ç
oç;ç
sç;ç
/ç;ç
iç;ç
dç;ç
sç;ç
/ç;ç
1ç;ç
6ç;ç
3ç;ç
9ç;ç
9ç;ç
5ç;ç
-ç;ç
2ç;ç
5ç;ç
5ç;ç
-ç;ç
2ç;ç
5ç;ç
5ç;ç
/ç;ç
2ç;ç
2ç;ç
1ç;ç
8ç;ç
2ç;ç
_ç;ç
0ç;ç
1ç;ç
.ç;ç
jç;ç
pç;ç
gç;ç
?ç;ç
vç;ç
=ç;ç
6ç;ç
3ç;ç
7ç;ç
8ç;ç
2ç;ç
4ç;ç
3ç;ç
1ç;ç
5ç;ç
1ç;ç
2ç;ç
1ç;ç
3ç;ç
0ç;ç
0ç;ç
0ç;ç
0ç;ç
0ç;ç
'ç;ç
,ç;ç
 ç;ç
'ç;ç
hç;ç
tç;ç
tç;ç
pç;ç
sç;ç
:ç;ç
/ç;ç
/ç;ç
pç;ç
oç;ç
rç;ç
tç;ç
aç;ç
lç;ç
dç;ç
aç;ç
sç;ç
cç;ç
aç;ç
mç;ç
eç;ç
rç;ç
aç;ç
sç;ç
.ç;ç
vç;ç
tç;ç
eç;ç
xç;ç
iç;ç
mç;ç
gç;ç
.ç;ç
cç;ç
oç;ç
mç;ç
.ç;ç
bç;ç
rç;ç
/ç;ç
aç;ç
rç;ç
qç;ç
uç;ç
iç;ç
vç;ç
oç;ç
sç;ç
/ç;ç
iç;ç
dç;ç
sç;ç
/ç;ç
1ç;ç
6ç;ç
3ç;ç
9ç;ç
9ç;ç
6ç;ç
-ç;ç
2ç;ç
5ç;ç
5ç;ç
-ç;ç
2ç;ç
5ç;ç
5ç;ç
/ç;ç
2ç;ç
2ç;ç
1ç;ç
8ç;ç
2ç;ç
_ç;ç
0ç;ç
2ç;ç
.ç;ç
jç;ç
pç;ç
gç;ç
?ç;ç
vç;ç
=ç;ç
6ç;ç
3ç;ç
7ç;ç
8ç;ç
2ç;ç
4ç;ç
3ç;ç
1ç;ç
5ç;ç
1ç;ç
9ç;ç
8ç;ç
5ç;ç
0ç;ç
0ç;ç
0ç;ç
0ç;ç
0ç;ç
'ç;ç
,ç;ç
 ç;ç
'ç;ç
hç;ç
tç;ç
tç;ç
pç;ç
sç;ç
:ç;ç
/ç;ç
/ç;ç
pç;ç
oç;ç
rç;ç
tç;ç
aç;ç
lç;ç
dç;ç
aç;ç
sç;ç
cç;ç
aç;ç
mç;ç
eç;ç
rç;ç
aç;ç
sç;ç
.ç;ç
vç;ç
tç;ç
eç;ç
xç;ç
iç;ç
mç;ç
gç;ç
.ç;ç
cç;ç
oç;ç
mç;ç
.ç;ç
bç;ç
rç;ç
/ç;ç
aç;ç
rç;ç
qç;ç
uç;ç
iç;ç
vç;ç
oç;ç
sç;ç
/ç;ç
iç;ç
dç;ç
sç;ç
/ç;ç
1ç;ç
6ç;ç
3ç;ç
9ç;ç
9ç;ç
7ç;ç
-ç;ç
2ç;ç
5ç;ç
5ç;ç
-ç;ç
2ç;ç
5ç;ç
5ç;ç
/ç;ç
2ç;ç
2ç;ç
1ç;ç
8ç;ç
2ç;ç
_ç;ç
0ç;ç
3ç;ç
.ç;ç
jç;ç
pç;ç
gç;ç
?ç;ç
vç;ç
=ç;ç
6ç;ç
3ç;ç
7ç;ç
8ç;ç
2ç;ç
4ç;ç
3ç;ç
1ç;ç
5ç;ç
2ç;ç
7ç;ç
9ç;ç
3ç;ç
0ç;ç
0ç;ç
0ç;ç
0ç;ç
0ç;ç
'ç;ç
,ç;ç
 ç;ç
'ç;ç
hç;ç
tç;ç
tç;ç
pç;ç
sç;ç
:ç;ç
/ç;ç
/ç;ç
pç;ç
oç;ç
rç;ç
tç;ç
aç;ç
lç;ç
dç;ç
aç;ç
sç;ç
cç;ç
aç;ç
mç;ç
eç;ç
rç;ç
aç;ç
sç;ç
.ç;ç
vç;ç
tç;ç
eç;ç
xç;ç
iç;ç
mç;ç
gç;ç
.ç;ç
cç;ç
oç;ç
mç;ç
.ç;ç
bç;ç
rç;ç
/ç;ç
aç;ç
rç;ç
qç;ç
uç;ç
iç;ç
vç;ç
oç;ç
sç;ç
/ç;ç
iç;ç
dç;ç
sç;ç
/ç;ç
1ç;ç
6ç;ç
3ç;ç
9ç;ç
9ç;ç
8ç;ç
-ç;ç
2ç;ç
5ç;ç
5ç;ç
-ç;ç
2ç;ç
5ç;ç
5ç;ç
/ç;ç
2ç;ç
2ç;ç
1ç;ç
8ç;ç
2ç;ç
_ç;ç
0ç;ç
4ç;ç
.ç;ç
jç;ç
pç;ç
gç;ç
?ç;ç
vç;ç
=ç;ç
6ç;ç
3ç;ç
7ç;ç
8ç;ç
2ç;ç
4ç;ç
3ç;ç
1ç;ç
5ç;ç
3ç;ç
7ç;ç
4ç;ç
0ç;ç
7ç;ç
0ç;ç
0ç;ç
0ç;ç
0ç;ç
'ç;ç
,ç;ç
 ç;ç
'ç;ç
hç;ç
tç;ç
tç;ç
pç;ç
sç;ç
:ç;ç
/ç;ç
/ç;ç
pç;ç
oç;ç
rç;ç
tç;ç
aç;ç
lç;ç
dç;ç
aç;ç
sç;ç
cç;ç
aç;ç
mç;ç
eç;ç
rç;ç
aç;ç
sç;ç
.ç;ç
vç;ç
tç;ç
eç;ç
xç;ç
iç;ç
mç;ç
gç;ç
.ç;ç
cç;ç
oç;ç
mç;ç
.ç;ç
bç;ç
rç;ç
/ç;ç
aç;ç
rç;ç
qç;ç
uç;ç
iç;ç
vç;ç
oç;ç
sç;ç
/ç;ç
iç;ç
dç;ç
sç;ç
/ç;ç
1ç;ç
6ç;ç
3ç;ç
9ç;ç
9ç;ç
9ç;ç
-ç;ç
2ç;ç
5ç;ç
5ç;ç
-ç;ç
2ç;ç
5ç;ç
5ç;ç
/ç;ç
2ç;ç
2ç;ç
1ç;ç
8ç;ç
2ç;ç
_ç;ç
0ç;ç
5ç;ç
.ç;ç
jç;ç
pç;ç
gç;ç
?ç;ç
vç;ç
=ç;ç
6ç;ç
3ç;ç
7ç;ç
8ç;ç
2ç;ç
4ç;ç
3ç;ç
1ç;ç
5ç;ç
4ç;ç
6ç;ç
9ç;ç
3ç;ç
0ç;ç
0ç;ç
0ç;ç
0ç;ç
0ç;ç
'ç;ç
,ç;ç
 ç;ç
'ç;ç
hç;ç
tç;ç
tç;ç
pç;ç
sç;ç
:ç;ç
/ç;ç
/ç;ç
pç;ç
oç;ç
rç;ç
tç;ç
aç;ç
lç;ç
dç;ç
aç;ç
sç;ç
cç;ç
aç;ç
mç;ç
eç;ç
rç;ç
aç;ç
sç;ç
.ç;ç
vç;ç
tç;ç
eç;ç
xç;ç
iç;ç
mç;ç
gç;ç
.ç;ç
cç;ç
oç;ç
mç;ç
.ç;ç
bç;ç
rç;ç
/ç;ç
aç;ç
rç;ç
qç;ç
uç;ç
iç;ç
vç;ç
oç;ç
sç;ç
/ç;ç
iç;ç
dç;ç
sç;ç
/ç;ç
1ç;ç
6ç;ç
4ç;ç
0ç;ç
0ç;ç
0ç;ç
-ç;ç
2ç;ç
5ç;ç
5ç;ç
-ç;ç
2ç;ç
5ç;ç
5ç;ç
/ç;ç
2ç;ç
2ç;ç
1ç;ç
8ç;ç
2ç;ç
_ç;ç
0ç;ç
6ç;ç
.ç;ç
jç;ç
pç;ç
gç;ç
?ç;ç
vç;ç
=ç;ç
6ç;ç
3ç;ç
7ç;ç
8ç;ç
2ç;ç
4ç;ç
3ç;ç
1ç;ç
5ç;ç
5ç;ç
5ç;ç
7ç;ç
2ç;ç
0ç;ç
0ç;ç
0ç;ç
0ç;ç
0ç;ç
'ç;ç
,ç;ç
 ç;ç
'ç;ç
Iç;ç
Nç;ç
Fç;ç
Oç;ç
Rç;ç
Mç;ç
Áç;ç
Tç;ç
Iç;ç
Cç;ç
Aç;ç
 ç;ç
Oç;ç
uç;ç
tç;ç
rç;ç
oç;ç
sç;ç
'ç;ç
çç;ç
;ç;ç
çç;ç
'ç;ç
2ç;ç
3ç;ç
4ç;ç
5ç;ç
6ç;ç
'ç;ç
,ç;ç
 ç;ç
'ç;ç
Sç;ç
wç;ç
iç;ç
tç;ç
cç;ç
hç;ç
 ç;ç
Aç;ç
dç;ç
aç;ç
pç;ç
tç;ç
aç;ç
dç;ç
oç;ç
rç;ç
 ç;ç
Hç;ç
dç;ç
mç;ç
iç;ç
 ç;ç
Kç;ç
nç;ç
uç;ç
pç;ç
 ç;ç
3ç;ç
xç;ç
1ç;ç
 ç;ç
Kç;ç
Pç;ç
-ç;ç
3ç;ç
4ç;ç
5ç;ç
6ç;ç
'ç;ç
,ç;ç
 ç;ç
'ç;ç
2ç;ç
0ç;ç
,ç;ç
0ç;ç
0ç;ç
'ç;ç
,ç;ç
 ç;ç
'ç;ç
hç;ç
tç;ç
tç;ç
pç;ç
sç;ç
:ç;ç
/ç;ç
/ç;ç
pç;ç
oç;ç
rç;ç
tç;ç
aç;ç
lç;ç
dç;ç
aç;ç
sç;ç
cç;ç
aç;ç
mç;ç
eç;ç
rç;ç
aç;ç
sç;ç
.ç;ç
vç;ç
tç;ç
eç;ç
xç;ç
iç;ç
mç;ç
gç;ç
.ç;ç
cç;ç
oç;ç
mç;ç
.ç;ç
bç;ç
rç;ç
/ç;ç
aç;ç
rç;ç
qç;ç
uç;ç
iç;ç
vç;ç
oç;ç
sç;ç
/ç;ç
iç;ç
dç;ç
sç;ç
/ç;ç
1ç;ç
6ç;ç
3ç;ç
9ç;ç
9ç;ç
1ç;ç
-ç;ç
2ç;ç
5ç;ç
5ç;ç
-ç;ç
2ç;ç
5ç;ç
5ç;ç
/ç;ç
2ç;ç
3ç;ç
4ç;ç
5ç;ç
6ç;ç
_ç;ç
0ç;ç
1ç;ç
.ç;ç
jç;ç
pç;ç
gç;ç
?ç;ç
vç;ç
=ç;ç
6ç;ç
3ç;ç
7ç;ç
8ç;ç
2ç;ç
4ç;ç
2ç;ç
7ç;ç
4ç;ç
5ç;ç
8ç;ç
1ç;ç
6ç;ç
7ç;ç
0ç;ç
0ç;ç
0ç;ç
0ç;ç
'ç;ç
,ç;ç
 ç;ç
'ç;ç
hç;ç
tç;ç
tç;ç
pç;ç
sç;ç
:ç;ç
/ç;ç
/ç;ç
pç;ç
oç;ç
rç;ç
tç;ç
aç;ç
lç;ç
dç;ç
aç;ç
sç;ç
cç;ç
aç;ç
mç;ç
eç;ç
rç;ç
aç;ç
sç;ç
.ç;ç
vç;ç
tç;ç
eç;ç
xç;ç
iç;ç
mç;ç
gç;ç
.ç;ç
cç;ç
oç;ç
mç;ç
.ç;ç
bç;ç
rç;ç
/ç;ç
aç;ç
rç;ç
qç;ç
uç;ç
iç;ç
vç;ç
oç;ç
sç;ç
/ç;ç
iç;ç
dç;ç
sç;ç
/ç;ç
1ç;ç
6ç;ç
3ç;ç
9ç;ç
9ç;ç
2ç;ç
-ç;ç
2ç;ç
5ç;ç
5ç;ç
-ç;ç
2ç;ç
5ç;ç
5ç;ç
/ç;ç
2ç;ç
3ç;ç
4ç;ç
5ç;ç
6ç;ç
_ç;ç
0ç;ç
2ç;ç
.ç;ç
jç;ç
pç;ç
gç;ç
?ç;ç
vç;ç
=ç;ç
6ç;ç
3ç;ç
7ç;ç
8ç;ç
2ç;ç
4ç;ç
2ç;ç
7ç;ç
4ç;ç
7ç;ç
2ç;ç
6ç;ç
3ç;ç
3ç;ç
0ç;ç
0ç;ç
0ç;ç
0ç;ç
'ç;ç
,ç;ç
 ç;ç
'ç;ç
hç;ç
tç;ç
tç;ç
pç;ç
sç;ç
:ç;ç
/ç;ç
/ç;ç
pç;ç
oç;ç
rç;ç
tç;ç
aç;ç
lç;ç
dç;ç
aç;ç
sç;ç
cç;ç
aç;ç
mç;ç
eç;ç
rç;ç
aç;ç
sç;ç
.ç;ç
vç;ç
tç;ç
eç;ç
xç;ç
iç;ç
mç;ç
gç;ç
.ç;ç
cç;ç
oç;ç
mç;ç
.ç;ç
bç;ç
rç;ç
/ç;ç
aç;ç
rç;ç
qç;ç
uç;ç
iç;ç
vç;ç
oç;ç
sç;ç
/ç;ç
iç;ç
dç;ç
sç;ç
/ç;ç
1ç;ç
6ç;ç
3ç;ç
9ç;ç
9ç;ç
3ç;ç
-ç;ç
2ç;ç
5ç;ç
5ç;ç
-ç;ç
2ç;ç
5ç;ç
5ç;ç
/ç;ç
2ç;ç
3ç;ç
4ç;ç
5ç;ç
6ç;ç
_ç;ç
0ç;ç
3ç;ç
.ç;ç
jç;ç
pç;ç
gç;ç
?ç;ç
vç;ç
=ç;ç
6ç;ç
3ç;ç
7ç;ç
8ç;ç
2ç;ç
4ç;ç
2ç;ç
7ç;ç
4ç;ç
8ç;ç
2ç;ç
5ç;ç
8ç;ç
7ç;ç
0ç;ç
0ç;ç
0ç;ç
0ç;ç
'ç;ç
,ç;ç
 ç;ç
'ç;ç
hç;ç
tç;ç
tç;ç
pç;ç
sç;ç
:ç;ç
/ç;ç
/ç;ç
pç;ç
oç;ç
rç;ç
tç;ç
aç;ç
lç;ç
dç;ç
aç;ç
sç;ç
cç;ç
aç;ç
mç;ç
eç;ç
rç;ç
aç;ç
sç;ç
.ç;ç
vç;ç
tç;ç
eç;ç
xç;ç
iç;ç
mç;ç
gç;ç
.ç;ç
cç;ç
oç;ç
mç;ç
.ç;ç
bç;ç
rç;ç
/ç;ç
aç;ç
rç;ç
qç;ç
uç;ç
iç;ç
vç;ç
oç;ç
sç;ç
/ç;ç
iç;ç
dç;ç
sç;ç
/ç;ç
1ç;ç
6ç;ç
3ç;ç
9ç;ç
9ç;ç
4ç;ç
-ç;ç
2ç;ç
5ç;ç
5ç;ç
-ç;ç
2ç;ç
5ç;ç
5ç;ç
/ç;ç
2ç;ç
3ç;ç
4ç;ç
5ç;ç
6ç;ç
_ç;ç
0ç;ç
4ç;ç
.ç;ç
jç;ç
pç;ç
gç;ç
?ç;ç
vç;ç
=ç;ç
6ç;ç
3ç;ç
7ç;ç
8ç;ç
2ç;ç
4ç;ç
2ç;ç
7ç;ç
4ç;ç
9ç;ç
3ç;ç
0ç;ç
2ç;ç
0ç;ç
0ç;ç
0ç;ç
0ç;ç
0ç;ç
'ç;ç
,ç;ç
 ç;ç
'ç;ç
Iç;ç
Nç;ç
Fç;ç
Oç;ç
Rç;ç
Mç;ç
Áç;ç
Tç;ç
Iç;ç
Cç;ç
Aç;ç
 ç;ç
Oç;ç
uç;ç
tç;ç
rç;ç
oç;ç
sç;ç
'ç;ç
çç;ç
;ç;ç
çç;ç
'ç;ç
2ç;ç
3ç;ç
4ç;ç
6ç;ç
4ç;ç
'ç;ç
,ç;ç
 ç;ç
'ç;ç
Sç;ç
wç;ç
iç;ç
tç;ç
cç;ç
hç;ç
 ç;ç
Hç;ç
dç;ç
mç;ç
iç;ç
 ç;ç
Kç;ç
nç;ç
uç;ç
pç;ç
 ç;ç
3ç;ç
xç;ç
1ç;ç
 ç;ç
cç;ç
oç;ç
mç;ç
 ç;ç
cç;ç
oç;ç
nç;ç
tç;ç
rç;ç
oç;ç
lç;ç
eç;ç
 ç;ç
rç;ç
eç;ç
mç;ç
oç;ç
tç;ç
oç;ç
 ç;ç
Kç;ç
Pç;ç
-ç;ç
3ç;ç
4ç;ç
6ç;ç
4ç;ç
'ç;ç
,ç;ç
 ç;ç
'ç;ç
2ç;ç
4ç;ç
,ç;ç
6ç;ç
0ç;ç
'ç;ç
,ç;ç
 ç;ç
'ç;ç
hç;ç
tç;ç
tç;ç
pç;ç
sç;ç
:ç;ç
/ç;ç
/ç;ç
pç;ç
oç;ç
rç;ç
tç;ç
aç;ç
lç;ç
dç;ç
aç;ç
sç;ç
cç;ç
aç;ç
mç;ç
eç;ç
rç;ç
aç;ç
sç;ç
.ç;ç
vç;ç
tç;ç
eç;ç
xç;ç
iç;ç
mç;ç
gç;ç
.ç;ç
cç;ç
oç;ç
mç;ç
.ç;ç
bç;ç
rç;ç
/ç;ç
aç;ç
rç;ç
qç;ç
uç;ç
iç;ç
vç;ç
oç;ç
sç;ç
/ç;ç
iç;ç
dç;ç
sç;ç
/ç;ç
1ç;ç
6ç;ç
3ç;ç
9ç;ç
8ç;ç
7ç;ç
-ç;ç
2ç;ç
5ç;ç
5ç;ç
-ç;ç
2ç;ç
5ç;ç
5ç;ç
/ç;ç
2ç;ç
3ç;ç
4ç;ç
6ç;ç
4ç;ç
_ç;ç
0ç;ç
1ç;ç
.ç;ç
jç;ç
pç;ç
gç;ç
?ç;ç
vç;ç
=ç;ç
6ç;ç
3ç;ç
7ç;ç
8ç;ç
2ç;ç
3ç;ç
6ç;ç
5ç;ç
5ç;ç
7ç;ç
7ç;ç
5ç;ç
4ç;ç
0ç;ç
0ç;ç
0ç;ç
0ç;ç
0ç;ç
'ç;ç
,ç;ç
 ç;ç
'ç;ç
hç;ç
tç;ç
tç;ç
pç;ç
sç;ç
:ç;ç
/ç;ç
/ç;ç
pç;ç
oç;ç
rç;ç
tç;ç
aç;ç
lç;ç
dç;ç
aç;ç
sç;ç
cç;ç
aç;ç
mç;ç
eç;ç
rç;ç
aç;ç
sç;ç
.ç;ç
vç;ç
tç;ç
eç;ç
xç;ç
iç;ç
mç;ç
gç;ç
.ç;ç
cç;ç
oç;ç
mç;ç
.ç;ç
bç;ç
rç;ç
/ç;ç
aç;ç
rç;ç
qç;ç
uç;ç
iç;ç
vç;ç
oç;ç
sç;ç
/ç;ç
iç;ç
dç;ç
sç;ç
/ç;ç
1ç;ç
6ç;ç
3ç;ç
9ç;ç
8ç;ç
8ç;ç
-ç;ç
2ç;ç
5ç;ç
5ç;ç
-ç;ç
2ç;ç
5ç;ç
5ç;ç
/ç;ç
2ç;ç
3ç;ç
4ç;ç
6ç;ç
4ç;ç
_ç;ç
0ç;ç
2ç;ç
.ç;ç
jç;ç
pç;ç
gç;ç
?ç;ç
vç;ç
=ç;ç
6ç;ç
3ç;ç
7ç;ç
8ç;ç
2ç;ç
3ç;ç
6ç;ç
5ç;ç
5ç;ç
8ç;ç
7ç;ç
7ç;ç
8ç;ç
3ç;ç
0ç;ç
0ç;ç
0ç;ç
0ç;ç
'ç;ç
,ç;ç
 ç;ç
'ç;ç
hç;ç
tç;ç
tç;ç
pç;ç
sç;ç
:ç;ç
/ç;ç
/ç;ç
pç;ç
oç;ç
rç;ç
tç;ç
aç;ç
lç;ç
dç;ç
aç;ç
sç;ç
cç;ç
aç;ç
mç;ç
eç;ç
rç;ç
aç;ç
sç;ç
.ç;ç
vç;ç
tç;ç
eç;ç
xç;ç
iç;ç
mç;ç
gç;ç
.ç;ç
cç;ç
oç;ç
mç;ç
.ç;ç
bç;ç
rç;ç
/ç;ç
aç;ç
rç;ç
qç;ç
uç;ç
iç;ç
vç;ç
oç;ç
sç;ç
/ç;ç
iç;ç
dç;ç
sç;ç
/ç;ç
1ç;ç
6ç;ç
3ç;ç
9ç;ç
8ç;ç
9ç;ç
-ç;ç
2ç;ç
5ç;ç
5ç;ç
-ç;ç
2ç;ç
5ç;ç
5ç;ç
/ç;ç
2ç;ç
3ç;ç
4ç;ç
6ç;ç
4ç;ç
_ç;ç
0ç;ç
3ç;ç
.ç;ç
jç;ç
pç;ç
gç;ç
?ç;ç
vç;ç
=ç;ç
6ç;ç
3ç;ç
7ç;ç
8ç;ç
2ç;ç
3ç;ç
6ç;ç
5ç;ç
5ç;ç
9ç;ç
6ç;ç
7ç;ç
7ç;ç
3ç;ç
0ç;ç
0ç;ç
0ç;ç
0ç;ç
'ç;ç
,ç;ç
 ç;ç
'ç;ç
hç;ç
tç;ç
tç;ç
pç;ç
sç;ç
:ç;ç
/ç;ç
/ç;ç
pç;ç
oç;ç
rç;ç
tç;ç
aç;ç
lç;ç
dç;ç
aç;ç
sç;ç
cç;ç
aç;ç
mç;ç
eç;ç
rç;ç
aç;ç
sç;ç
.ç;ç
vç;ç
tç;ç
eç;ç
xç;ç
iç;ç
mç;ç
gç;ç
.ç;ç
cç;ç
oç;ç
mç;ç
.ç;ç
bç;ç
rç;ç
/ç;ç
aç;ç
rç;ç
qç;ç
uç;ç
iç;ç
vç;ç
oç;ç
sç;ç
/ç;ç
iç;ç
dç;ç
sç;ç
/ç;ç
1ç;ç
6ç;ç
3ç;ç
9ç;ç
9ç;ç
0ç;ç
-ç;ç
2ç;ç
5ç;ç
5ç;ç
-ç;ç
2ç;ç
5ç;ç
5ç;ç
/ç;ç
2ç;ç
3ç;ç
4ç;ç
6ç;ç
4ç;ç
_ç;ç
0ç;ç
4ç;ç
.ç;ç
jç;ç
pç;ç
gç;ç
?ç;ç
vç;ç
=ç;ç
6ç;ç
3ç;ç
7ç;ç
8ç;ç
2ç;ç
3ç;ç
6ç;ç
5ç;ç
6ç;ç
0ç;ç
7ç;ç
4ç;ç
4ç;ç
3ç;ç
0ç;ç
0ç;ç
0ç;ç
0ç;ç
'ç;ç
,ç;ç
 ç;ç
'ç;ç
Iç;ç
Nç;ç
Fç;ç
Oç;ç
Rç;ç
Mç;ç
Áç;ç
Tç;ç
Iç;ç
Cç;ç
Aç;ç
 ç;ç
Oç;ç
uç;ç
tç;ç
rç;ç
oç;ç
sç;ç
'ç;ç
çç;ç
;ç;ç
çç;ç
'ç;ç
1ç;ç
2ç;ç
0ç;ç
0ç;ç
3ç;ç
'ç;ç
,ç;ç
 ç;ç
'ç;ç
Tç;ç
eç;ç
cç;ç
lç;ç
aç;ç
dç;ç
oç;ç
 ç;ç
Nç;ç
uç;ç
mç;ç
éç;ç
rç;ç
iç;ç
cç;ç
oç;ç
 ç;ç
Kç;ç
nç;ç
uç;ç
pç;ç
 ç;ç
Uç;ç
sç;ç
bç;ç
 ç;ç
cç;ç
oç;ç
mç;ç
 ç;ç
fç;ç
iç;ç
oç;ç
 ç;ç
Kç;ç
Pç;ç
-ç;ç
2ç;ç
0ç;ç
0ç;ç
3ç;ç
Aç;ç
'ç;ç
,ç;ç
 ç;ç
'ç;ç
2ç;ç
3ç;ç
,ç;ç
1ç;ç
0ç;ç
'ç;ç
,ç;ç
 ç;ç
'ç;ç
hç;ç
tç;ç
tç;ç
pç;ç
sç;ç
:ç;ç
/ç;ç
/ç;ç
pç;ç
oç;ç
rç;ç
tç;ç
aç;ç
lç;ç
dç;ç
aç;ç
sç;ç
cç;ç
aç;ç
mç;ç
eç;ç
rç;ç
aç;ç
sç;ç
.ç;ç
vç;ç
tç;ç
eç;ç
xç;ç
iç;ç
mç;ç
gç;ç
.ç;ç
cç;ç
oç;ç
mç;ç
.ç;ç
bç;ç
rç;ç
/ç;ç
aç;ç
rç;ç
qç;ç
uç;ç
iç;ç
vç;ç
oç;ç
sç;ç
/ç;ç
iç;ç
dç;ç
sç;ç
/ç;ç
1ç;ç
6ç;ç
3ç;ç
9ç;ç
8ç;ç
3ç;ç
-ç;ç
2ç;ç
5ç;ç
5ç;ç
-ç;ç
2ç;ç
5ç;ç
5ç;ç
/ç;ç
1ç;ç
2ç;ç
0ç;ç
0ç;ç
3ç;ç
_ç;ç
0ç;ç
1ç;ç
.ç;ç
jç;ç
pç;ç
gç;ç
?ç;ç
vç;ç
=ç;ç
6ç;ç
3ç;ç
7ç;ç
8ç;ç
2ç;ç
2ç;ç
6ç;ç
8ç;ç
0ç;ç
9ç;ç
7ç;ç
1ç;ç
6ç;ç
0ç;ç
0ç;ç
0ç;ç
0ç;ç
0ç;ç
'ç;ç
,ç;ç
 ç;ç
'ç;ç
hç;ç
tç;ç
tç;ç
pç;ç
sç;ç
:ç;ç
/ç;ç
/ç;ç
pç;ç
oç;ç
rç;ç
tç;ç
aç;ç
lç;ç
dç;ç
aç;ç
sç;ç
cç;ç
aç;ç
mç;ç
eç;ç
rç;ç
aç;ç
sç;ç
.ç;ç
vç;ç
tç;ç
eç;ç
xç;ç
iç;ç
mç;ç
gç;ç
.ç;ç
cç;ç
oç;ç
mç;ç
.ç;ç
bç;ç
rç;ç
/ç;ç
aç;ç
rç;ç
qç;ç
uç;ç
iç;ç
vç;ç
oç;ç
sç;ç
/ç;ç
iç;ç
dç;ç
sç;ç
/ç;ç
1ç;ç
6ç;ç
3ç;ç
9ç;ç
8ç;ç
4ç;ç
-ç;ç
2ç;ç
5ç;ç
5ç;ç
-ç;ç
2ç;ç
5ç;ç
5ç;ç
/ç;ç
1ç;ç
2ç;ç
0ç;ç
0ç;ç
3ç;ç
_ç;ç
0ç;ç
2ç;ç
.ç;ç
jç;ç
pç;ç
gç;ç
?ç;ç
vç;ç
=ç;ç
6ç;ç
3ç;ç
7ç;ç
8ç;ç
2ç;ç
2ç;ç
6ç;ç
8ç;ç
1ç;ç
0ç;ç
6ç;ç
4ç;ç
3ç;ç
7ç;ç
0ç;ç
0ç;ç
0ç;ç
0ç;ç
'ç;ç
,ç;ç
 ç;ç
'ç;ç
hç;ç
tç;ç
tç;ç
pç;ç
sç;ç
:ç;ç
/ç;ç
/ç;ç
pç;ç
oç;ç
rç;ç
tç;ç
aç;ç
lç;ç
dç;ç
aç;ç
sç;ç
cç;ç
aç;ç
mç;ç
eç;ç
rç;ç
aç;ç
sç;ç
.ç;ç
vç;ç
tç;ç
eç;ç
xç;ç
iç;ç
mç;ç
gç;ç
.ç;ç
cç;ç
oç;ç
mç;ç
.ç;ç
bç;ç
rç;ç
/ç;ç
aç;ç
rç;ç
qç;ç
uç;ç
iç;ç
vç;ç
oç;ç
sç;ç
/ç;ç
iç;ç
dç;ç
sç;ç
/ç;ç
1ç;ç
6ç;ç
3ç;ç
9ç;ç
8ç;ç
5ç;ç
-ç;ç
2ç;ç
5ç;ç
5ç;ç
-ç;ç
2ç;ç
5ç;ç
5ç;ç
/ç;ç
1ç;ç
2ç;ç
0ç;ç
0ç;ç
3ç;ç
_ç;ç
0ç;ç
3ç;ç
.ç;ç
jç;ç
pç;ç
gç;ç
?ç;ç
vç;ç
=ç;ç
6ç;ç
3ç;ç
7ç;ç
8ç;ç
2ç;ç
2ç;ç
6ç;ç
8ç;ç
1ç;ç
2ç;ç
0ç;ç
5ç;ç
5ç;ç
0ç;ç
0ç;ç
0ç;ç
0ç;ç
0ç;ç
'ç;ç
,ç;ç
 ç;ç
'ç;ç
hç;ç
tç;ç
tç;ç
pç;ç
sç;ç
:ç;ç
/ç;ç
/ç;ç
pç;ç
oç;ç
rç;ç
tç;ç
aç;ç
lç;ç
dç;ç
aç;ç
sç;ç
cç;ç
aç;ç
mç;ç
eç;ç
rç;ç
aç;ç
sç;ç
.ç;ç
vç;ç
tç;ç
eç;ç
xç;ç
iç;ç
mç;ç
gç;ç
.ç;ç
cç;ç
oç;ç
mç;ç
.ç;ç
bç;ç
rç;ç
/ç;ç
aç;ç
rç;ç
qç;ç
uç;ç
iç;ç
vç;ç
oç;ç
sç;ç
/ç;ç
iç;ç
dç;ç
sç;ç
/ç;ç
1ç;ç
6ç;ç
3ç;ç
9ç;ç
8ç;ç
6ç;ç
-ç;ç
2ç;ç
5ç;ç
5ç;ç
-ç;ç
2ç;ç
5ç;ç
5ç;ç
/ç;ç
1ç;ç
2ç;ç
0ç;ç
0ç;ç
3ç;ç
_ç;ç
0ç;ç
4ç;ç
.ç;ç
jç;ç
pç;ç
gç;ç
?ç;ç
vç;ç
=ç;ç
6ç;ç
3ç;ç
7ç;ç
8ç;ç
2ç;ç
2ç;ç
6ç;ç
8ç;ç
1ç;ç
2ç;ç
9ç;ç
2ç;ç
5ç;ç
0ç;ç
0ç;ç
0ç;ç
0ç;ç
0ç;ç
'ç;ç
,ç;ç
 ç;ç
'ç;ç
Iç;ç
Nç;ç
Fç;ç
Oç;ç
Rç;ç
Mç;ç
Áç;ç
Tç;ç
Iç;ç
Cç;ç
Aç;ç
 ç;ç
Oç;ç
uç;ç
tç;ç
rç;ç
oç;ç
sç;ç
'ç;ç
çç;ç
;ç;ç
çç;ç
'ç;ç
7ç;ç
2ç;ç
5ç;ç
3ç;ç
7ç;ç
'ç;ç
,ç;ç
 ç;ç
'ç;ç
Bç;ç
oç;ç
bç;ç
iç;ç
nç;ç
aç;ç
 ç;ç
Cç;ç
aç;ç
bç;ç
oç;ç
 ç;ç
Dç;ç
eç;ç
 ç;ç
Rç;ç
eç;ç
dç;ç
eç;ç
 ç;ç
Cç;ç
oç;ç
pç;ç
pç;ç
eç;ç
rç;ç
lç;ç
aç;ç
nç;ç
/ç;ç
Cç;ç
oç;ç
pç;ç
pç;ç
eç;ç
rç;ç
lç;ç
iç;ç
nç;ç
kç;ç
 ç;ç
Cç;ç
aç;ç
tç;ç
 ç;ç
6ç;ç
Eç;ç
 ç;ç
Aç;ç
zç;ç
uç;ç
lç;ç
 ç;ç
Cç;ç
lç;ç
aç;ç
rç;ç
oç;ç
 ç;ç
3ç;ç
0ç;ç
5ç;ç
mç;ç
'ç;ç
,ç;ç
 ç;ç
'ç;ç
1ç;ç
.ç;ç
0ç;ç
7ç;ç
6ç;ç
,ç;ç
9ç;ç
0ç;ç
'ç;ç
,ç;ç
 ç;ç
'ç;ç
hç;ç
tç;ç
tç;ç
pç;ç
sç;ç
:ç;ç
/ç;ç
/ç;ç
pç;ç
oç;ç
rç;ç
tç;ç
aç;ç
lç;ç
dç;ç
aç;ç
sç;ç
cç;ç
aç;ç
mç;ç
eç;ç
rç;ç
aç;ç
sç;ç
.ç;ç
vç;ç
tç;ç
eç;ç
xç;ç
iç;ç
mç;ç
gç;ç
.ç;ç
cç;ç
oç;ç
mç;ç
.ç;ç
bç;ç
rç;ç
/ç;ç
aç;ç
rç;ç
qç;ç
uç;ç
iç;ç
vç;ç
oç;ç
sç;ç
/ç;ç
iç;ç
dç;ç
sç;ç
/ç;ç
1ç;ç
6ç;ç
3ç;ç
4ç;ç
4ç;ç
1ç;ç
-ç;ç
2ç;ç
5ç;ç
5ç;ç
-ç;ç
2ç;ç
5ç;ç
5ç;ç
/ç;ç
bç;ç
oç;ç
bç;ç
iç;ç
nç;ç
aç;ç
-ç;ç
cç;ç
aç;ç
tç;ç
6ç;ç
-ç;ç
cç;ç
oç;ç
pç;ç
pç;ç
eç;ç
rç;ç
lç;ç
aç;ç
nç;ç
-ç;ç
aç;ç
zç;ç
uç;ç
lç;ç
.ç;ç
jç;ç
pç;ç
gç;ç
?ç;ç
vç;ç
=ç;ç
6ç;ç
3ç;ç
7ç;ç
6ç;ç
5ç;ç
6ç;ç
6ç;ç
8ç;ç
9ç;ç
5ç;ç
1ç;ç
7ç;ç
8ç;ç
0ç;ç
0ç;ç
0ç;ç
0ç;ç
0ç;ç
'ç;ç
,ç;ç
 ç;ç
'ç;ç
hç;ç
tç;ç
tç;ç
pç;ç
sç;ç
:ç;ç
/ç;ç
/ç;ç
pç;ç
oç;ç
rç;ç
tç;ç
aç;ç
lç;ç
dç;ç
aç;ç
sç;ç
cç;ç
aç;ç
mç;ç
eç;ç
rç;ç
aç;ç
sç;ç
.ç;ç
vç;ç
tç;ç
eç;ç
xç;ç
iç;ç
mç;ç
gç;ç
.ç;ç
cç;ç
oç;ç
mç;ç
.ç;ç
bç;ç
rç;ç
/ç;ç
aç;ç
rç;ç
qç;ç
uç;ç
iç;ç
vç;ç
oç;ç
sç;ç
/ç;ç
iç;ç
dç;ç
sç;ç
/ç;ç
1ç;ç
6ç;ç
3ç;ç
4ç;ç
4ç;ç
2ç;ç
-ç;ç
2ç;ç
5ç;ç
5ç;ç
-ç;ç
2ç;ç
5ç;ç
5ç;ç
/ç;ç
bç;ç
oç;ç
bç;ç
iç;ç
nç;ç
aç;ç
-ç;ç
cç;ç
aç;ç
tç;ç
6ç;ç
-ç;ç
cç;ç
oç;ç
pç;ç
pç;ç
eç;ç
rç;ç
lç;ç
aç;ç
nç;ç
-ç;ç
aç;ç
zç;ç
uç;ç
lç;ç
-ç;ç
2ç;ç
.ç;ç
jç;ç
pç;ç
gç;ç
?ç;ç
vç;ç
=ç;ç
6ç;ç
3ç;ç
7ç;ç
6ç;ç
5ç;ç
6ç;ç
6ç;ç
8ç;ç
9ç;ç
5ç;ç
9ç;ç
7ç;ç
3ç;ç
7ç;ç
0ç;ç
0ç;ç
0ç;ç
0ç;ç
'ç;ç
,ç;ç
 ç;ç
'ç;ç
Iç;ç
Nç;ç
Fç;ç
Oç;ç
Rç;ç
Mç;ç
Áç;ç
Tç;ç
Iç;ç
Cç;ç
Aç;ç
 ç;ç
Oç;ç
uç;ç
tç;ç
rç;ç
oç;ç
sç;ç
'ç;ç
çç;ç
;ç;ç
çç;ç
'ç;ç
7ç;ç
2ç;ç
5ç;ç
3ç;ç
4ç;ç
'ç;ç
,ç;ç
 ç;ç
'ç;ç
Bç;ç
oç;ç
bç;ç
iç;ç
nç;ç
aç;ç
 ç;ç
Cç;ç
aç;ç
bç;ç
oç;ç
 ç;ç
Dç;ç
eç;ç
 ç;ç
Rç;ç
eç;ç
dç;ç
eç;ç
 ç;ç
Cç;ç
oç;ç
pç;ç
pç;ç
eç;ç
rç;ç
lç;ç
aç;ç
nç;ç
/ç;ç
Cç;ç
oç;ç
pç;ç
pç;ç
eç;ç
rç;ç
lç;ç
iç;ç
nç;ç
kç;ç
 ç;ç
Cç;ç
aç;ç
tç;ç
 ç;ç
5ç;ç
eç;ç
 ç;ç
Pç;ç
rç;ç
eç;ç
tç;ç
oç;ç
 ç;ç
3ç;ç
0ç;ç
5ç;ç
mç;ç
'ç;ç
,ç;ç
 ç;ç
'ç;ç
7ç;ç
1ç;ç
8ç;ç
,ç;ç
9ç;ç
0ç;ç
'ç;ç
,ç;ç
 ç;ç
'ç;ç
hç;ç
tç;ç
tç;ç
pç;ç
sç;ç
:ç;ç
/ç;ç
/ç;ç
pç;ç
oç;ç
rç;ç
tç;ç
aç;ç
lç;ç
dç;ç
aç;ç
sç;ç
cç;ç
aç;ç
mç;ç
eç;ç
rç;ç
aç;ç
sç;ç
.ç;ç
vç;ç
tç;ç
eç;ç
xç;ç
iç;ç
mç;ç
gç;ç
.ç;ç
cç;ç
oç;ç
mç;ç
.ç;ç
bç;ç
rç;ç
/ç;ç
aç;ç
rç;ç
qç;ç
uç;ç
iç;ç
vç;ç
oç;ç
sç;ç
/ç;ç
iç;ç
dç;ç
sç;ç
/ç;ç
1ç;ç
6ç;ç
3ç;ç
4ç;ç
3ç;ç
9ç;ç
-ç;ç
2ç;ç
5ç;ç
5ç;ç
-ç;ç
2ç;ç
5ç;ç
5ç;ç
/ç;ç
bç;ç
oç;ç
bç;ç
iç;ç
nç;ç
aç;ç
-ç;ç
cç;ç
aç;ç
tç;ç
5ç;ç
eç;ç
-ç;ç
cç;ç
oç;ç
pç;ç
pç;ç
eç;ç
rç;ç
lç;ç
aç;ç
nç;ç
-ç;ç
pç;ç
rç;ç
eç;ç
tç;ç
oç;ç
.ç;ç
jç;ç
pç;ç
gç;ç
?ç;ç
vç;ç
=ç;ç
6ç;ç
3ç;ç
7ç;ç
6ç;ç
5ç;ç
6ç;ç
6ç;ç
7ç;ç
5ç;ç
8ç;ç
4ç;ç
7ç;ç
5ç;ç
7ç;ç
0ç;ç
0ç;ç
0ç;ç
0ç;ç
'ç;ç
,ç;ç
 ç;ç
'ç;ç
hç;ç
tç;ç
tç;ç
pç;ç
sç;ç
:ç;ç
/ç;ç
/ç;ç
pç;ç
oç;ç
rç;ç
tç;ç
aç;ç
lç;ç
dç;ç
aç;ç
sç;ç
cç;ç
aç;ç
mç;ç
eç;ç
rç;ç
aç;ç
sç;ç
.ç;ç
vç;ç
tç;ç
eç;ç
xç;ç
iç;ç
mç;ç
gç;ç
.ç;ç
cç;ç
oç;ç
mç;ç
.ç;ç
bç;ç
rç;ç
/ç;ç
aç;ç
rç;ç
qç;ç
uç;ç
iç;ç
vç;ç
oç;ç
sç;ç
/ç;ç
iç;ç
dç;ç
sç;ç
/ç;ç
1ç;ç
6ç;ç
3ç;ç
4ç;ç
4ç;ç
0ç;ç
-ç;ç
2ç;ç
5ç;ç
5ç;ç
-ç;ç
2ç;ç
5ç;ç
5ç;ç
/ç;ç
bç;ç
oç;ç
bç;ç
iç;ç
nç;ç
aç;ç
-ç;ç
cç;ç
aç;ç
tç;ç
5ç;ç
eç;ç
-ç;ç
cç;ç
oç;ç
pç;ç
pç;ç
eç;ç
rç;ç
lç;ç
aç;ç
nç;ç
-ç;ç
pç;ç
rç;ç
eç;ç
tç;ç
oç;ç
-ç;ç
2ç;ç
.ç;ç
jç;ç
pç;ç
gç;ç
?ç;ç
vç;ç
=ç;ç
6ç;ç
3ç;ç
7ç;ç
6ç;ç
5ç;ç
6ç;ç
6ç;ç
7ç;ç
5ç;ç
9ç;ç
8ç;ç
7ç;ç
9ç;ç
3ç;ç
0ç;ç
0ç;ç
0ç;ç
0ç;ç
'ç;ç
,ç;ç
 ç;ç
'ç;ç
Iç;ç
Nç;ç
Fç;ç
Oç;ç
Rç;ç
Mç;ç
Áç;ç
Tç;ç
Iç;ç
Cç;ç
Aç;ç
 ç;ç
Oç;ç
uç;ç
tç;ç
rç;ç
oç;ç
sç;ç
'ç;ç
çç;ç
;ç;ç
çç;ç
'ç;ç
2ç;ç
0ç;ç
7ç;ç
5ç;ç
2ç;ç
'ç;ç
,ç;ç
 ç;ç
'ç;ç
Nç;ç
oç;ç
bç;ç
rç;ç
eç;ç
aç;ç
kç;ç
 ç;ç
Tç;ç
sç;ç
-ç;ç
Sç;ç
hç;ç
aç;ç
rç;ç
aç;ç
 ç;ç
Uç;ç
Pç;ç
Sç;ç
 ç;ç
Cç;ç
oç;ç
mç;ç
pç;ç
aç;ç
cç;ç
tç;ç
 ç;ç
Xç;ç
Pç;ç
rç;ç
oç;ç
 ç;ç
1ç;ç
4ç;ç
0ç;ç
0ç;ç
Vç;ç
Aç;ç
'ç;ç
,ç;ç
 ç;ç
'ç;ç
9ç;ç
2ç;ç
7ç;ç
,ç;ç
9ç;ç
0ç;ç
'ç;ç
,ç;ç
 ç;ç
'ç;ç
hç;ç
tç;ç
tç;ç
pç;ç
sç;ç
:ç;ç
/ç;ç
/ç;ç
pç;ç
oç;ç
rç;ç
tç;ç
aç;ç
lç;ç
dç;ç
aç;ç
sç;ç
cç;ç
aç;ç
mç;ç
eç;ç
rç;ç
aç;ç
sç;ç
.ç;ç
vç;ç
tç;ç
eç;ç
xç;ç
iç;ç
mç;ç
gç;ç
.ç;ç
cç;ç
oç;ç
mç;ç
.ç;ç
bç;ç
rç;ç
/ç;ç
aç;ç
rç;ç
qç;ç
uç;ç
iç;ç
vç;ç
oç;ç
sç;ç
/ç;ç
iç;ç
dç;ç
sç;ç
/ç;ç
1ç;ç
6ç;ç
2ç;ç
2ç;ç
5ç;ç
2ç;ç
-ç;ç
2ç;ç
5ç;ç
5ç;ç
-ç;ç
2ç;ç
5ç;ç
5ç;ç
/ç;ç
cç;ç
oç;ç
mç;ç
pç;ç
aç;ç
cç;ç
tç;ç
-ç;ç
xç;ç
pç;ç
rç;ç
oç;ç
.ç;ç
jç;ç
pç;ç
gç;ç
?ç;ç
vç;ç
=ç;ç
6ç;ç
3ç;ç
7ç;ç
3ç;ç
7ç;ç
5ç;ç
0ç;ç
9ç;ç
8ç;ç
3ç;ç
8ç;ç
4ç;ç
0ç;ç
7ç;ç
0ç;ç
0ç;ç
0ç;ç
0ç;ç
'ç;ç
,ç;ç
 ç;ç
'ç;ç
hç;ç
tç;ç
tç;ç
pç;ç
sç;ç
:ç;ç
/ç;ç
/ç;ç
pç;ç
oç;ç
rç;ç
tç;ç
aç;ç
lç;ç
dç;ç
aç;ç
sç;ç
cç;ç
aç;ç
mç;ç
eç;ç
rç;ç
aç;ç
sç;ç
.ç;ç
vç;ç
tç;ç
eç;ç
xç;ç
iç;ç
mç;ç
gç;ç
.ç;ç
cç;ç
oç;ç
mç;ç
.ç;ç
bç;ç
rç;ç
/ç;ç
aç;ç
rç;ç
qç;ç
uç;ç
iç;ç
vç;ç
oç;ç
sç;ç
/ç;ç
iç;ç
dç;ç
sç;ç
/ç;ç
1ç;ç
6ç;ç
2ç;ç
2ç;ç
5ç;ç
3ç;ç
-ç;ç
2ç;ç
5ç;ç
5ç;ç
-ç;ç
2ç;ç
5ç;ç
5ç;ç
/ç;ç
cç;ç
oç;ç
mç;ç
pç;ç
aç;ç
cç;ç
tç;ç
-ç;ç
xç;ç
pç;ç
rç;ç
oç;ç
-ç;ç
2ç;ç
.ç;ç
jç;ç
pç;ç
gç;ç
?ç;ç
vç;ç
=ç;ç
6ç;ç
3ç;ç
7ç;ç
3ç;ç
7ç;ç
5ç;ç
0ç;ç
9ç;ç
8ç;ç
4ç;ç
7ç;ç
6ç;ç
3ç;ç
0ç;ç
0ç;ç
0ç;ç
0ç;ç
0ç;ç
'ç;ç
,ç;ç
 ç;ç
'ç;ç
Iç;ç
Nç;ç
Fç;ç
Oç;ç
Rç;ç
Mç;ç
Áç;ç
Tç;ç
Iç;ç
Cç;ç
Aç;ç
 ç;ç
Oç;ç
uç;ç
tç;ç
rç;ç
oç;ç
sç;ç
'ç;ç
çç;ç
;ç;ç
çç;ç
'ç;ç
2ç;ç
0ç;ç
7ç;ç
5ç;ç
1ç;ç
'ç;ç
,ç;ç
 ç;ç
'ç;ç
Nç;ç
oç;ç
bç;ç
rç;ç
eç;ç
aç;ç
kç;ç
 ç;ç
Tç;ç
sç;ç
-ç;ç
Sç;ç
hç;ç
aç;ç
rç;ç
aç;ç
 ç;ç
Uç;ç
Pç;ç
Sç;ç
 ç;ç
Cç;ç
oç;ç
mç;ç
pç;ç
aç;ç
cç;ç
tç;ç
 ç;ç
Xç;ç
Pç;ç
rç;ç
oç;ç
 ç;ç
1ç;ç
2ç;ç
0ç;ç
0ç;ç
Vç;ç
Aç;ç
'ç;ç
,ç;ç
 ç;ç
'ç;ç
9ç;ç
0ç;ç
8ç;ç
,ç;ç
1ç;ç
0ç;ç
'ç;ç
,ç;ç
 ç;ç
'ç;ç
hç;ç
tç;ç
tç;ç
pç;ç
sç;ç
:ç;ç
/ç;ç
/ç;ç
pç;ç
oç;ç
rç;ç
tç;ç
aç;ç
lç;ç
dç;ç
aç;ç
sç;ç
cç;ç
aç;ç
mç;ç
eç;ç
rç;ç
aç;ç
sç;ç
.ç;ç
vç;ç
tç;ç
eç;ç
xç;ç
iç;ç
mç;ç
gç;ç
.ç;ç
cç;ç
oç;ç
mç;ç
.ç;ç
bç;ç
rç;ç
/ç;ç
aç;ç
rç;ç
qç;ç
uç;ç
iç;ç
vç;ç
oç;ç
sç;ç
/ç;ç
iç;ç
dç;ç
sç;ç
/ç;ç
1ç;ç
6ç;ç
2ç;ç
2ç;ç
5ç;ç
0ç;ç
-ç;ç
2ç;ç
5ç;ç
5ç;ç
-ç;ç
2ç;ç
5ç;ç
5ç;ç
/ç;ç
cç;ç
oç;ç
mç;ç
pç;ç
aç;ç
cç;ç
tç;ç
-ç;ç
xç;ç
pç;ç
rç;ç
oç;ç
1ç;ç
2ç;ç
0ç;ç
0ç;ç
.ç;ç
jç;ç
pç;ç
gç;ç
?ç;ç
vç;ç
=ç;ç
6ç;ç
3ç;ç
7ç;ç
3ç;ç
7ç;ç
5ç;ç
0ç;ç
9ç;ç
0ç;ç
3ç;ç
9ç;ç
2ç;ç
7ç;ç
7ç;ç
0ç;ç
0ç;ç
0ç;ç
0ç;ç
'ç;ç
,ç;ç
 ç;ç
'ç;ç
hç;ç
tç;ç
tç;ç
pç;ç
sç;ç
:ç;ç
/ç;ç
/ç;ç
pç;ç
oç;ç
rç;ç
tç;ç
aç;ç
lç;ç
dç;ç
aç;ç
sç;ç
cç;ç
aç;ç
mç;ç
eç;ç
rç;ç
aç;ç
sç;ç
.ç;ç
vç;ç
tç;ç
eç;ç
xç;ç
iç;ç
mç;ç
gç;ç
.ç;ç
cç;ç
oç;ç
mç;ç
.ç;ç
bç;ç
rç;ç
/ç;ç
aç;ç
rç;ç
qç;ç
uç;ç
iç;ç
vç;ç
oç;ç
sç;ç
/ç;ç
iç;ç
dç;ç
sç;ç
/ç;ç
1ç;ç
6ç;ç
2ç;ç
2ç;ç
5ç;ç
1ç;ç
-ç;ç
2ç;ç
5ç;ç
5ç;ç
-ç;ç
2ç;ç
5ç;ç
5ç;ç
/ç;ç
cç;ç
oç;ç
mç;ç
pç;ç
aç;ç
cç;ç
tç;ç
-ç;ç
xç;ç
pç;ç
rç;ç
oç;ç
1ç;ç
2ç;ç
0ç;ç
0ç;ç
-ç;ç
2ç;ç
.ç;ç
jç;ç
pç;ç
gç;ç
?ç;ç
vç;ç
=ç;ç
6ç;ç
3ç;ç
7ç;ç
3ç;ç
7ç;ç
5ç;ç
0ç;ç
9ç;ç
0ç;ç
4ç;ç
8ç;ç
1ç;ç
7ç;ç
7ç;ç
0ç;ç
0ç;ç
0ç;ç
0ç;ç
'ç;ç
,ç;ç
 ç;ç
'ç;ç
Iç;ç
Nç;ç
Fç;ç
Oç;ç
Rç;ç
Mç;ç
Áç;ç
Tç;ç
Iç;ç
Cç;ç
Aç;ç
 ç;ç
Oç;ç
uç;ç
tç;ç
rç;ç
oç;ç
sç;ç
'ç;ç
çç;ç
;ç;ç
çç;ç
'ç;ç
2ç;ç
8ç;ç
2ç;ç
7ç;ç
0ç;ç
'ç;ç
,ç;ç
 ç;ç
'ç;ç
Cç;ç
aç;ç
bç;ç
oç;ç
 ç;ç
dç;ç
eç;ç
 ç;ç
Rç;ç
eç;ç
dç;ç
eç;ç
 ç;ç
Kç;ç
nç;ç
uç;ç
pç;ç
 ç;ç
1ç;ç
0ç;ç
 ç;ç
mç;ç
eç;ç
tç;ç
rç;ç
oç;ç
sç;ç
,ç;ç
Kç;ç
Pç;ç
-ç;ç
Cç;ç
1ç;ç
4ç;ç
,ç;ç
 ç;ç
Rç;ç
Jç;ç
4ç;ç
5ç;ç
,ç;ç
 ç;ç
Hç;ç
oç;ç
mç;ç
oç;ç
lç;ç
oç;ç
gç;ç
aç;ç
dç;ç
oç;ç
 ç;ç
Aç;ç
nç;ç
aç;ç
tç;ç
eç;ç
lç;ç
'ç;ç
,ç;ç
 ç;ç
'ç;ç
1ç;ç
4ç;ç
,ç;ç
4ç;ç
0ç;ç
'ç;ç
,ç;ç
 ç;ç
'ç;ç
hç;ç
tç;ç
tç;ç
pç;ç
sç;ç
:ç;ç
/ç;ç
/ç;ç
pç;ç
oç;ç
rç;ç
tç;ç
aç;ç
lç;ç
dç;ç
aç;ç
sç;ç
cç;ç
aç;ç
mç;ç
eç;ç
rç;ç
aç;ç
sç;ç
.ç;ç
vç;ç
tç;ç
eç;ç
xç;ç
iç;ç
mç;ç
gç;ç
.ç;ç
cç;ç
oç;ç
mç;ç
.ç;ç
bç;ç
rç;ç
/ç;ç
aç;ç
rç;ç
qç;ç
uç;ç
iç;ç
vç;ç
oç;ç
sç;ç
/ç;ç
iç;ç
dç;ç
sç;ç
/ç;ç
1ç;ç
6ç;ç
2ç;ç
1ç;ç
2ç;ç
4ç;ç
-ç;ç
2ç;ç
5ç;ç
5ç;ç
-ç;ç
2ç;ç
5ç;ç
5ç;ç
/ç;ç
Kç;ç
Pç;ç
-ç;ç
Cç;ç
1ç;ç
4ç;ç
-ç;ç
0ç;ç
1ç;ç
.ç;ç
jç;ç
pç;ç
gç;ç
?ç;ç
vç;ç
=ç;ç
6ç;ç
3ç;ç
7ç;ç
3ç;ç
3ç;ç
0ç;ç
3ç;ç
2ç;ç
0ç;ç
2ç;ç
2ç;ç
4ç;ç
1ç;ç
0ç;ç
0ç;ç
0ç;ç
0ç;ç
0ç;ç
'ç;ç
,ç;ç
 ç;ç
'ç;ç
hç;ç
tç;ç
tç;ç
pç;ç
sç;ç
:ç;ç
/ç;ç
/ç;ç
pç;ç
oç;ç
rç;ç
tç;ç
aç;ç
lç;ç
dç;ç
aç;ç
sç;ç
cç;ç
aç;ç
mç;ç
eç;ç
rç;ç
aç;ç
sç;ç
.ç;ç
vç;ç
tç;ç
eç;ç
xç;ç
iç;ç
mç;ç
gç;ç
.ç;ç
cç;ç
oç;ç
mç;ç
.ç;ç
bç;ç
rç;ç
/ç;ç
aç;ç
rç;ç
qç;ç
uç;ç
iç;ç
vç;ç
oç;ç
sç;ç
/ç;ç
iç;ç
dç;ç
sç;ç
/ç;ç
1ç;ç
6ç;ç
2ç;ç
1ç;ç
2ç;ç
5ç;ç
-ç;ç
2ç;ç
5ç;ç
5ç;ç
-ç;ç
2ç;ç
5ç;ç
5ç;ç
/ç;ç
Kç;ç
Pç;ç
-ç;ç
Cç;ç
1ç;ç
4ç;ç
-ç;ç
0ç;ç
2ç;ç
.ç;ç
jç;ç
pç;ç
gç;ç
?ç;ç
vç;ç
=ç;ç
6ç;ç
3ç;ç
7ç;ç
3ç;ç
3ç;ç
0ç;ç
3ç;ç
2ç;ç
0ç;ç
4ç;ç
5ç;ç
6ç;ç
1ç;ç
7ç;ç
0ç;ç
0ç;ç
0ç;ç
0ç;ç
'ç;ç
,ç;ç
 ç;ç
'ç;ç
Iç;ç
Nç;ç
Fç;ç
Oç;ç
Rç;ç
Mç;ç
Áç;ç
Tç;ç
Iç;ç
Cç;ç
Aç;ç
 ç;ç
Oç;ç
uç;ç
tç;ç
rç;ç
oç;ç
sç;ç
'ç;ç
çç;ç
;ç;ç
çç;ç
'ç;ç
2ç;ç
7ç;ç
2ç;ç
7ç;ç
0ç;ç
'ç;ç
,ç;ç
 ç;ç
'ç;ç
Cç;ç
aç;ç
bç;ç
oç;ç
 ç;ç
dç;ç
eç;ç
 ç;ç
Rç;ç
eç;ç
dç;ç
eç;ç
 ç;ç
Kç;ç
nç;ç
uç;ç
pç;ç
 ç;ç
1ç;ç
5ç;ç
 ç;ç
mç;ç
eç;ç
tç;ç
rç;ç
oç;ç
sç;ç
,ç;ç
 ç;ç
Kç;ç
Pç;ç
-ç;ç
Cç;ç
1ç;ç
4ç;ç
,ç;ç
 ç;ç
Rç;ç
Jç;ç
4ç;ç
5ç;ç
,ç;ç
 ç;ç
Hç;ç
oç;ç
mç;ç
oç;ç
lç;ç
oç;ç
gç;ç
aç;ç
dç;ç
oç;ç
 ç;ç
Aç;ç
nç;ç
aç;ç
tç;ç
eç;ç
lç;ç
'ç;ç
,ç;ç
 ç;ç
'ç;ç
2ç;ç
0ç;ç
,ç;ç
6ç;ç
0ç;ç
'ç;ç
,ç;ç
 ç;ç
'ç;ç
hç;ç
tç;ç
tç;ç
pç;ç
sç;ç
:ç;ç
/ç;ç
/ç;ç
pç;ç
oç;ç
rç;ç
tç;ç
aç;ç
lç;ç
dç;ç
aç;ç
sç;ç
cç;ç
aç;ç
mç;ç
eç;ç
rç;ç
aç;ç
sç;ç
.ç;ç
vç;ç
tç;ç
eç;ç
xç;ç
iç;ç
mç;ç
gç;ç
.ç;ç
cç;ç
oç;ç
mç;ç
.ç;ç
bç;ç
rç;ç
/ç;ç
aç;ç
rç;ç
qç;ç
uç;ç
iç;ç
vç;ç
oç;ç
sç;ç
/ç;ç
iç;ç
dç;ç
sç;ç
/ç;ç
1ç;ç
6ç;ç
2ç;ç
1ç;ç
2ç;ç
2ç;ç
-ç;ç
2ç;ç
5ç;ç
5ç;ç
-ç;ç
2ç;ç
5ç;ç
5ç;ç
/ç;ç
Kç;ç
Pç;ç
-ç;ç
Cç;ç
1ç;ç
4ç;ç
-ç;ç
0ç;ç
1ç;ç
.ç;ç
jç;ç
pç;ç
gç;ç
?ç;ç
vç;ç
=ç;ç
6ç;ç
3ç;ç
7ç;ç
3ç;ç
3ç;ç
0ç;ç
3ç;ç
1ç;ç
3ç;ç
6ç;ç
8ç;ç
5ç;ç
9ç;ç
0ç;ç
0ç;ç
0ç;ç
0ç;ç
0ç;ç
'ç;ç
,ç;ç
 ç;ç
'ç;ç
hç;ç
tç;ç
tç;ç
pç;ç
sç;ç
:ç;ç
/ç;ç
/ç;ç
pç;ç
oç;ç
rç;ç
tç;ç
aç;ç
lç;ç
dç;ç
aç;ç
sç;ç
cç;ç
aç;ç
mç;ç
eç;ç
rç;ç
aç;ç
sç;ç
.ç;ç
vç;ç
tç;ç
eç;ç
xç;ç
iç;ç
mç;ç
gç;ç
.ç;ç
cç;ç
oç;ç
mç;ç
.ç;ç
bç;ç
rç;ç
/ç;ç
aç;ç
rç;ç
qç;ç
uç;ç
iç;ç
vç;ç
oç;ç
sç;ç
/ç;ç
iç;ç
dç;ç
sç;ç
/ç;ç
1ç;ç
6ç;ç
2ç;ç
1ç;ç
2ç;ç
3ç;ç
-ç;ç
2ç;ç
5ç;ç
5ç;ç
-ç;ç
2ç;ç
5ç;ç
5ç;ç
/ç;ç
Kç;ç
Pç;ç
-ç;ç
Cç;ç
1ç;ç
4ç;ç
-ç;ç
0ç;ç
2ç;ç
.ç;ç
jç;ç
pç;ç
gç;ç
?ç;ç
vç;ç
=ç;ç
6ç;ç
3ç;ç
7ç;ç
3ç;ç
3ç;ç
0ç;ç
3ç;ç
1ç;ç
3ç;ç
9ç;ç
6ç;ç
1ç;ç
0ç;ç
3ç;ç
0ç;ç
0ç;ç
0ç;ç
0ç;ç
'ç;ç
,ç;ç
 ç;ç
'ç;ç
Iç;ç
Nç;ç
Fç;ç
Oç;ç
Rç;ç
Mç;ç
Áç;ç
Tç;ç
Iç;ç
Cç;ç
Aç;ç
 ç;ç
Oç;ç
uç;ç
tç;ç
rç;ç
oç;ç
sç;ç
'ç;ç
çç;ç
;ç;ç
çç;ç
'ç;ç
2ç;ç
9ç;ç
3ç;ç
4ç;ç
4ç;ç
'ç;ç
,ç;ç
 ç;ç
'ç;ç
Cç;ç
aç;ç
rç;ç
tç;ç
ãç;ç
oç;ç
 ç;ç
dç;ç
eç;ç
 ç;ç
Mç;ç
eç;ç
mç;ç
óç;ç
rç;ç
iç;ç
aç;ç
 ç;ç
mç;ç
iç;ç
cç;ç
rç;ç
oç;ç
 ç;ç
sç;ç
dç;ç
 ç;ç
8ç;ç
Gç;ç
Bç;ç
 ç;ç
cç;ç
oç;ç
mç;ç
 ç;ç
Aç;ç
dç;ç
aç;ç
pç;ç
tç;ç
aç;ç
dç;ç
oç;ç
rç;ç
 ç;ç
Uç;ç
Sç;ç
Bç;ç
 ç;ç
Kç;ç
nç;ç
uç;ç
pç;ç
 ç;ç
Kç;ç
Pç;ç
-ç;ç
Uç;ç
1ç;ç
8ç;ç
'ç;ç
,ç;ç
 ç;ç
'ç;ç
2ç;ç
0ç;ç
,ç;ç
5ç;ç
0ç;ç
'ç;ç
,ç;ç
 ç;ç
'ç;ç
hç;ç
tç;ç
tç;ç
pç;ç
sç;ç
:ç;ç
/ç;ç
/ç;ç
pç;ç
oç;ç
rç;ç
tç;ç
aç;ç
lç;ç
dç;ç
aç;ç
sç;ç
cç;ç
aç;ç
mç;ç
eç;ç
rç;ç
aç;ç
sç;ç
.ç;ç
vç;ç
tç;ç
eç;ç
xç;ç
iç;ç
mç;ç
gç;ç
.ç;ç
cç;ç
oç;ç
mç;ç
.ç;ç
bç;ç
rç;ç
/ç;ç
aç;ç
rç;ç
qç;ç
uç;ç
iç;ç
vç;ç
oç;ç
sç;ç
/ç;ç
iç;ç
dç;ç
sç;ç
/ç;ç
1ç;ç
6ç;ç
2ç;ç
0ç;ç
2ç;ç
2ç;ç
-ç;ç
2ç;ç
5ç;ç
5ç;ç
-ç;ç
2ç;ç
5ç;ç
5ç;ç
/ç;ç
kç;ç
pç;ç
-ç;ç
uç;ç
1ç;ç
8ç;ç
-ç;ç
0ç;ç
1ç;ç
.ç;ç
jç;ç
pç;ç
gç;ç
?ç;ç
vç;ç
=ç;ç
6ç;ç
3ç;ç
7ç;ç
2ç;ç
7ç;ç
8ç;ç
3ç;ç
7ç;ç
3ç;ç
7ç;ç
4ç;ç
6ç;ç
3ç;ç
3ç;ç
0ç;ç
0ç;ç
0ç;ç
0ç;ç
'ç;ç
,ç;ç
 ç;ç
'ç;ç
hç;ç
tç;ç
tç;ç
pç;ç
sç;ç
:ç;ç
/ç;ç
/ç;ç
pç;ç
oç;ç
rç;ç
tç;ç
aç;ç
lç;ç
dç;ç
aç;ç
sç;ç
cç;ç
aç;ç
mç;ç
eç;ç
rç;ç
aç;ç
sç;ç
.ç;ç
vç;ç
tç;ç
eç;ç
xç;ç
iç;ç
mç;ç
gç;ç
.ç;ç
cç;ç
oç;ç
mç;ç
.ç;ç
bç;ç
rç;ç
/ç;ç
aç;ç
rç;ç
qç;ç
uç;ç
iç;ç
vç;ç
oç;ç
sç;ç
/ç;ç
iç;ç
dç;ç
sç;ç
/ç;ç
1ç;ç
6ç;ç
2ç;ç
0ç;ç
2ç;ç
3ç;ç
-ç;ç
2ç;ç
5ç;ç
5ç;ç
-ç;ç
2ç;ç
5ç;ç
5ç;ç
/ç;ç
kç;ç
pç;ç
-ç;ç
uç;ç
1ç;ç
8ç;ç
-ç;ç
0ç;ç
2ç;ç
.ç;ç
jç;ç
pç;ç
gç;ç
?ç;ç
vç;ç
=ç;ç
6ç;ç
3ç;ç
7ç;ç
2ç;ç
7ç;ç
8ç;ç
3ç;ç
7ç;ç
3ç;ç
9ç;ç
3ç;ç
3ç;ç
0ç;ç
3ç;ç
0ç;ç
0ç;ç
0ç;ç
0ç;ç
'ç;ç
,ç;ç
 ç;ç
'ç;ç
Iç;ç
Nç;ç
Fç;ç
Oç;ç
Rç;ç
Mç;ç
Áç;ç
Tç;ç
Iç;ç
Cç;ç
Aç;ç
 ç;ç
Oç;ç
uç;ç
tç;ç
rç;ç
oç;ç
sç;ç
'ç;ç
çç;ç
;ç;ç
çç;ç
'ç;ç
2ç;ç
9ç;ç
2ç;ç
7ç;ç
1ç;ç
'ç;ç
,ç;ç
 ç;ç
'ç;ç
Cç;ç
aç;ç
bç;ç
oç;ç
 ç;ç
Dç;ç
eç;ç
 ç;ç
Rç;ç
eç;ç
dç;ç
eç;ç
 ç;ç
1ç;ç
,ç;ç
5ç;ç
Mç;ç
 ç;ç
Kç;ç
nç;ç
uç;ç
pç;ç
 ç;ç
Kç;ç
Pç;ç
-ç;ç
Cç;ç
1ç;ç
4ç;ç
'ç;ç
,ç;ç
 ç;ç
'ç;ç
5ç;ç
,ç;ç
4ç;ç
0ç;ç
'ç;ç
,ç;ç
 ç;ç
'ç;ç
hç;ç
tç;ç
tç;ç
pç;ç
sç;ç
:ç;ç
/ç;ç
/ç;ç
pç;ç
oç;ç
rç;ç
tç;ç
aç;ç
lç;ç
dç;ç
aç;ç
sç;ç
cç;ç
aç;ç
mç;ç
eç;ç
rç;ç
aç;ç
sç;ç
.ç;ç
vç;ç
tç;ç
eç;ç
xç;ç
iç;ç
mç;ç
gç;ç
.ç;ç
cç;ç
oç;ç
mç;ç
.ç;ç
bç;ç
rç;ç
/ç;ç
aç;ç
rç;ç
qç;ç
uç;ç
iç;ç
vç;ç
oç;ç
sç;ç
/ç;ç
iç;ç
dç;ç
sç;ç
/ç;ç
1ç;ç
6ç;ç
1ç;ç
2ç;ç
0ç;ç
2ç;ç
-ç;ç
2ç;ç
5ç;ç
5ç;ç
-ç;ç
2ç;ç
5ç;ç
5ç;ç
/ç;ç
cç;ç
aç;ç
bç;ç
oç;ç
-ç;ç
rç;ç
eç;ç
dç;ç
eç;ç
.ç;ç
jç;ç
pç;ç
gç;ç
?ç;ç
vç;ç
=ç;ç
6ç;ç
3ç;ç
7ç;ç
1ç;ç
2ç;ç
2ç;ç
9ç;ç
5ç;ç
9ç;ç
7ç;ç
3ç;ç
4ç;ç
1ç;ç
3ç;ç
0ç;ç
0ç;ç
0ç;ç
0ç;ç
'ç;ç
,ç;ç
 ç;ç
'ç;ç
hç;ç
tç;ç
tç;ç
pç;ç
sç;ç
:ç;ç
/ç;ç
/ç;ç
pç;ç
oç;ç
rç;ç
tç;ç
aç;ç
lç;ç
dç;ç
aç;ç
sç;ç
cç;ç
aç;ç
mç;ç
eç;ç
rç;ç
aç;ç
sç;ç
.ç;ç
vç;ç
tç;ç
eç;ç
xç;ç
iç;ç
mç;ç
gç;ç
.ç;ç
cç;ç
oç;ç
mç;ç
.ç;ç
bç;ç
rç;ç
/ç;ç
aç;ç
rç;ç
qç;ç
uç;ç
iç;ç
vç;ç
oç;ç
sç;ç
/ç;ç
iç;ç
dç;ç
sç;ç
/ç;ç
1ç;ç
6ç;ç
1ç;ç
2ç;ç
0ç;ç
3ç;ç
-ç;ç
2ç;ç
5ç;ç
5ç;ç
-ç;ç
2ç;ç
5ç;ç
5ç;ç
/ç;ç
cç;ç
aç;ç
bç;ç
oç;ç
-ç;ç
rç;ç
eç;ç
dç;ç
eç;ç
2ç;ç
.ç;ç
jç;ç
pç;ç
gç;ç
?ç;ç
vç;ç
=ç;ç
6ç;ç
3ç;ç
7ç;ç
1ç;ç
2ç;ç
2ç;ç
9ç;ç
5ç;ç
9ç;ç
8ç;ç
1ç;ç
5ç;ç
6ç;ç
7ç;ç
0ç;ç
0ç;ç
0ç;ç
0ç;ç
'ç;ç
,ç;ç
 ç;ç
'ç;ç
Iç;ç
Nç;ç
Fç;ç
Oç;ç
Rç;ç
Mç;ç
Áç;ç
Tç;ç
Iç;ç
Cç;ç
Aç;ç
 ç;ç
Oç;ç
uç;ç
tç;ç
rç;ç
oç;ç
sç;ç
'ç;ç
çç;ç
;ç;ç
çç;ç
'ç;ç
2ç;ç
9ç;ç
2ç;ç
7ç;ç
0ç;ç
'ç;ç
,ç;ç
 ç;ç
'ç;ç
Cç;ç
aç;ç
bç;ç
oç;ç
 ç;ç
Dç;ç
eç;ç
 ç;ç
Rç;ç
eç;ç
dç;ç
eç;ç
 ç;ç
5ç;ç
Mç;ç
 ç;ç
Kç;ç
nç;ç
uç;ç
pç;ç
 ç;ç
Kç;ç
Pç;ç
-ç;ç
Cç;ç
1ç;ç
4ç;ç
'ç;ç
,ç;ç
 ç;ç
'ç;ç
1ç;ç
0ç;ç
,ç;ç
8ç;ç
0ç;ç
'ç;ç
,ç;ç
 ç;ç
'ç;ç
hç;ç
tç;ç
tç;ç
pç;ç
sç;ç
:ç;ç
/ç;ç
/ç;ç
pç;ç
oç;ç
rç;ç
tç;ç
aç;ç
lç;ç
dç;ç
aç;ç
sç;ç
cç;ç
aç;ç
mç;ç
eç;ç
rç;ç
aç;ç
sç;ç
.ç;ç
vç;ç
tç;ç
eç;ç
xç;ç
iç;ç
mç;ç
gç;ç
.ç;ç
cç;ç
oç;ç
mç;ç
.ç;ç
bç;ç
rç;ç
/ç;ç
aç;ç
rç;ç
qç;ç
uç;ç
iç;ç
vç;ç
oç;ç
sç;ç
/ç;ç
iç;ç
dç;ç
sç;ç
/ç;ç
1ç;ç
6ç;ç
1ç;ç
2ç;ç
0ç;ç
0ç;ç
-ç;ç
2ç;ç
5ç;ç
5ç;ç
-ç;ç
2ç;ç
5ç;ç
5ç;ç
/ç;ç
cç;ç
aç;ç
bç;ç
oç;ç
-ç;ç
rç;ç
eç;ç
dç;ç
eç;ç
.ç;ç
jç;ç
pç;ç
gç;ç
?ç;ç
vç;ç
=ç;ç
6ç;ç
3ç;ç
7ç;ç
1ç;ç
2ç;ç
2ç;ç
9ç;ç
5ç;ç
6ç;ç
3ç;ç
2ç;ç
6ç;ç
2ç;ç
0ç;ç
0ç;ç
0ç;ç
0ç;ç
0ç;ç
'ç;ç
,ç;ç
 ç;ç
'ç;ç
hç;ç
tç;ç
tç;ç
pç;ç
sç;ç
:ç;ç
/ç;ç
/ç;ç
pç;ç
oç;ç
rç;ç
tç;ç
aç;ç
lç;ç
dç;ç
aç;ç
sç;ç
cç;ç
aç;ç
mç;ç
eç;ç
rç;ç
aç;ç
sç;ç
.ç;ç
vç;ç
tç;ç
eç;ç
xç;ç
iç;ç
mç;ç
gç;ç
.ç;ç
cç;ç
oç;ç
mç;ç
.ç;ç
bç;ç
rç;ç
/ç;ç
aç;ç
rç;ç
qç;ç
uç;ç
iç;ç
vç;ç
oç;ç
sç;ç
/ç;ç
iç;ç
dç;ç
sç;ç
/ç;ç
1ç;ç
6ç;ç
1ç;ç
2ç;ç
0ç;ç
1ç;ç
-ç;ç
2ç;ç
5ç;ç
5ç;ç
-ç;ç
2ç;ç
5ç;ç
5ç;ç
/ç;ç
cç;ç
aç;ç
bç;ç
oç;ç
-ç;ç
rç;ç
eç;ç
dç;ç
eç;ç
2ç;ç
.ç;ç
jç;ç
pç;ç
gç;ç
?ç;ç
vç;ç
=ç;ç
6ç;ç
3ç;ç
7ç;ç
1ç;ç
2ç;ç
2ç;ç
9ç;ç
5ç;ç
6ç;ç
4ç;ç
1ç;ç
2ç;ç
2ç;ç
3ç;ç
0ç;ç
0ç;ç
0ç;ç
0ç;ç
'ç;ç
,ç;ç
 ç;ç
'ç;ç
Iç;ç
Nç;ç
Fç;ç
Oç;ç
Rç;ç
Mç;ç
Áç;ç
Tç;ç
Iç;ç
Cç;ç
Aç;ç
 ç;ç
Oç;ç
uç;ç
tç;ç
rç;ç
oç;ç
sç;ç
'ç;ç
çç;ç
;ç;ç
çç;ç
'ç;ç
2ç;ç
9ç;ç
2ç;ç
6ç;ç
9ç;ç
'ç;ç
,ç;ç
 ç;ç
'ç;ç
Cç;ç
aç;ç
bç;ç
oç;ç
 ç;ç
Dç;ç
eç;ç
 ç;ç
Rç;ç
eç;ç
dç;ç
eç;ç
 ç;ç
3ç;ç
Mç;ç
 ç;ç
Kç;ç
nç;ç
uç;ç
pç;ç
 ç;ç
Kç;ç
Pç;ç
-ç;ç
Cç;ç
1ç;ç
4ç;ç
'ç;ç
,ç;ç
 ç;ç
'ç;ç
7ç;ç
,ç;ç
7ç;ç
0ç;ç
'ç;ç
,ç;ç
 ç;ç
'ç;ç
hç;ç
tç;ç
tç;ç
pç;ç
sç;ç
:ç;ç
/ç;ç
/ç;ç
pç;ç
oç;ç
rç;ç
tç;ç
aç;ç
lç;ç
dç;ç
aç;ç
sç;ç
cç;ç
aç;ç
mç;ç
eç;ç
rç;ç
aç;ç
sç;ç
.ç;ç
vç;ç
tç;ç
eç;ç
xç;ç
iç;ç
mç;ç
gç;ç
.ç;ç
cç;ç
oç;ç
mç;ç
.ç;ç
bç;ç
rç;ç
/ç;ç
aç;ç
rç;ç
qç;ç
uç;ç
iç;ç
vç;ç
oç;ç
sç;ç
/ç;ç
iç;ç
dç;ç
sç;ç
/ç;ç
1ç;ç
6ç;ç
1ç;ç
1ç;ç
9ç;ç
8ç;ç
-ç;ç
2ç;ç
5ç;ç
5ç;ç
-ç;ç
2ç;ç
5ç;ç
5ç;ç
/ç;ç
cç;ç
aç;ç
bç;ç
oç;ç
-ç;ç
rç;ç
eç;ç
dç;ç
eç;ç
.ç;ç
jç;ç
pç;ç
gç;ç
?ç;ç
vç;ç
=ç;ç
6ç;ç
3ç;ç
7ç;ç
1ç;ç
2ç;ç
2ç;ç
9ç;ç
5ç;ç
1ç;ç
8ç;ç
0ç;ç
8ç;ç
3ç;ç
0ç;ç
0ç;ç
0ç;ç
0ç;ç
0ç;ç
'ç;ç
,ç;ç
 ç;ç
'ç;ç
hç;ç
tç;ç
tç;ç
pç;ç
sç;ç
:ç;ç
/ç;ç
/ç;ç
pç;ç
oç;ç
rç;ç
tç;ç
aç;ç
lç;ç
dç;ç
aç;ç
sç;ç
cç;ç
aç;ç
mç;ç
eç;ç
rç;ç
aç;ç
sç;ç
.ç;ç
vç;ç
tç;ç
eç;ç
xç;ç
iç;ç
mç;ç
gç;ç
.ç;ç
cç;ç
oç;ç
mç;ç
.ç;ç
bç;ç
rç;ç
/ç;ç
aç;ç
rç;ç
qç;ç
uç;ç
iç;ç
vç;ç
oç;ç
sç;ç
/ç;ç
iç;ç
dç;ç
sç;ç
/ç;ç
1ç;ç
6ç;ç
1ç;ç
1ç;ç
9ç;ç
9ç;ç
-ç;ç
2ç;ç
5ç;ç
5ç;ç
-ç;ç
2ç;ç
5ç;ç
5ç;ç
/ç;ç
cç;ç
aç;ç
bç;ç
oç;ç
-ç;ç
rç;ç
eç;ç
dç;ç
eç;ç
2ç;ç
.ç;ç
jç;ç
pç;ç
gç;ç
?ç;ç
vç;ç
=ç;ç
6ç;ç
3ç;ç
7ç;ç
1ç;ç
2ç;ç
2ç;ç
9ç;ç
5ç;ç
1ç;ç
9ç;ç
2ç;ç
7ç;ç
1ç;ç
7ç;ç
0ç;ç
0ç;ç
0ç;ç
0ç;ç
'ç;ç
,ç;ç
 ç;ç
'ç;ç
Iç;ç
Nç;ç
Fç;ç
Oç;ç
Rç;ç
Mç;ç
Áç;ç
Tç;ç
Iç;ç
Cç;ç
Aç;ç
 ç;ç
Oç;ç
uç;ç
tç;ç
rç;ç
oç;ç
sç;ç
'ç;ç
çç;ç
;ç;ç
çç;ç
'ç;ç
5ç;ç
1ç;ç
9ç;ç
8ç;ç
'ç;ç
,ç;ç
 ç;ç
'ç;ç
Nç;ç
oç;ç
bç;ç
rç;ç
eç;ç
aç;ç
kç;ç
 ç;ç
Tç;ç
Sç;ç
 ç;ç
Sç;ç
hç;ç
aç;ç
rç;ç
aç;ç
 ç;ç
Uç;ç
Pç;ç
Sç;ç
 ç;ç
Mç;ç
iç;ç
nç;ç
iç;ç
 ç;ç
6ç;ç
0ç;ç
0ç;ç
Vç;ç
Aç;ç
 ç;ç
Bç;ç
iç;ç
vç;ç
oç;ç
lç;ç
tç;ç
 ç;ç
Bç;ç
lç;ç
aç;ç
cç;ç
kç;ç
'ç;ç
,ç;ç
 ç;ç
'ç;ç
5ç;ç
3ç;ç
9ç;ç
,ç;ç
5ç;ç
0ç;ç
'ç;ç
,ç;ç
 ç;ç
'ç;ç
hç;ç
tç;ç
tç;ç
pç;ç
sç;ç
:ç;ç
/ç;ç
/ç;ç
pç;ç
oç;ç
rç;ç
tç;ç
aç;ç
lç;ç
dç;ç
aç;ç
sç;ç
cç;ç
aç;ç
mç;ç
eç;ç
rç;ç
aç;ç
sç;ç
.ç;ç
vç;ç
tç;ç
eç;ç
xç;ç
iç;ç
mç;ç
gç;ç
.ç;ç
cç;ç
oç;ç
mç;ç
.ç;ç
bç;ç
rç;ç
/ç;ç
aç;ç
rç;ç
qç;ç
uç;ç
iç;ç
vç;ç
oç;ç
sç;ç
/ç;ç
iç;ç
dç;ç
sç;ç
/ç;ç
1ç;ç
6ç;ç
1ç;ç
1ç;ç
8ç;ç
4ç;ç
-ç;ç
2ç;ç
5ç;ç
5ç;ç
-ç;ç
2ç;ç
5ç;ç
5ç;ç
/ç;ç
nç;ç
oç;ç
bç;ç
rç;ç
eç;ç
aç;ç
kç;ç
-ç;ç
mç;ç
iç;ç
nç;ç
iç;ç
.ç;ç
jç;ç
pç;ç
gç;ç
?ç;ç
vç;ç
=ç;ç
6ç;ç
3ç;ç
7ç;ç
1ç;ç
2ç;ç
2ç;ç
7ç;ç
7ç;ç
5ç;ç
9ç;ç
8ç;ç
1ç;ç
5ç;ç
7ç;ç
0ç;ç
0ç;ç
0ç;ç
0ç;ç
'ç;ç
,ç;ç
 ç;ç
'ç;ç
hç;ç
tç;ç
tç;ç
pç;ç
sç;ç
:ç;ç
/ç;ç
/ç;ç
pç;ç
oç;ç
rç;ç
tç;ç
aç;ç
lç;ç
dç;ç
aç;ç
sç;ç
cç;ç
aç;ç
mç;ç
eç;ç
rç;ç
aç;ç
sç;ç
.ç;ç
vç;ç
tç;ç
eç;ç
xç;ç
iç;ç
mç;ç
gç;ç
.ç;ç
cç;ç
oç;ç
mç;ç
.ç;ç
bç;ç
rç;ç
/ç;ç
aç;ç
rç;ç
qç;ç
uç;ç
iç;ç
vç;ç
oç;ç
sç;ç
/ç;ç
iç;ç
dç;ç
sç;ç
/ç;ç
1ç;ç
6ç;ç
1ç;ç
1ç;ç
8ç;ç
5ç;ç
-ç;ç
2ç;ç
5ç;ç
5ç;ç
-ç;ç
2ç;ç
5ç;ç
5ç;ç
/ç;ç
nç;ç
oç;ç
bç;ç
rç;ç
eç;ç
aç;ç
kç;ç
-ç;ç
mç;ç
iç;ç
nç;ç
iç;ç
2ç;ç
.ç;ç
jç;ç
pç;ç
gç;ç
?ç;ç
vç;ç
=ç;ç
6ç;ç
3ç;ç
7ç;ç
1ç;ç
2ç;ç
2ç;ç
7ç;ç
7ç;ç
6ç;ç
0ç;ç
7ç;ç
2ç;ç
2ç;ç
7ç;ç
0ç;ç
0ç;ç
0ç;ç
0ç;ç
'ç;ç
,ç;ç
 ç;ç
'ç;ç
Iç;ç
Nç;ç
Fç;ç
Oç;ç
Rç;ç
Mç;ç
Áç;ç
Tç;ç
Iç;ç
Cç;ç
Aç;ç
 ç;ç
Oç;ç
uç;ç
tç;ç
rç;ç
oç;ç
sç;ç
'ç;ç
çç;ç
;ç;ç
çç;ç
'ç;ç
2ç;ç
9ç;ç
2ç;ç
6ç;ç
6ç;ç
'ç;ç
,ç;ç
 ç;ç
'ç;ç
Cç;ç
aç;ç
bç;ç
oç;ç
 ç;ç
Hç;ç
Dç;ç
Mç;ç
Iç;ç
 ç;ç
1ç;ç
.ç;ç
4ç;ç
 ç;ç
5ç;ç
 ç;ç
Mç;ç
eç;ç
tç;ç
rç;ç
oç;ç
sç;ç
 ç;ç
Kç;ç
nç;ç
uç;ç
pç;ç
 ç;ç
Kç;ç
Pç;ç
-ç;ç
Hç;ç
5ç;ç
0ç;ç
0ç;ç
0ç;ç
'ç;ç
,ç;ç
 ç;ç
'ç;ç
1ç;ç
6ç;ç
,ç;ç
1ç;ç
0ç;ç
'ç;ç
,ç;ç
 ç;ç
'ç;ç
hç;ç
tç;ç
tç;ç
pç;ç
sç;ç
:ç;ç
/ç;ç
/ç;ç
pç;ç
oç;ç
rç;ç
tç;ç
aç;ç
lç;ç
dç;ç
aç;ç
sç;ç
cç;ç
aç;ç
mç;ç
eç;ç
rç;ç
aç;ç
sç;ç
.ç;ç
vç;ç
tç;ç
eç;ç
xç;ç
iç;ç
mç;ç
gç;ç
.ç;ç
cç;ç
oç;ç
mç;ç
.ç;ç
bç;ç
rç;ç
/ç;ç
aç;ç
rç;ç
qç;ç
uç;ç
iç;ç
vç;ç
oç;ç
sç;ç
/ç;ç
iç;ç
dç;ç
sç;ç
/ç;ç
1ç;ç
6ç;ç
0ç;ç
9ç;ç
8ç;ç
0ç;ç
-ç;ç
2ç;ç
5ç;ç
5ç;ç
-ç;ç
2ç;ç
5ç;ç
5ç;ç
/ç;ç
cç;ç
aç;ç
bç;ç
oç;ç
-ç;ç
hç;ç
dç;ç
mç;ç
iç;ç
-ç;ç
5ç;ç
mç;ç
-ç;ç
kç;ç
nç;ç
uç;ç
pç;ç
.ç;ç
jç;ç
pç;ç
gç;ç
?ç;ç
vç;ç
=ç;ç
6ç;ç
3ç;ç
7ç;ç
1ç;ç
0ç;ç
7ç;ç
3ç;ç
1ç;ç
8ç;ç
0ç;ç
4ç;ç
1ç;ç
8ç;ç
3ç;ç
0ç;ç
0ç;ç
0ç;ç
0ç;ç
'ç;ç
,ç;ç
 ç;ç
'ç;ç
hç;ç
tç;ç
tç;ç
pç;ç
sç;ç
:ç;ç
/ç;ç
/ç;ç
pç;ç
oç;ç
rç;ç
tç;ç
aç;ç
lç;ç
dç;ç
aç;ç
sç;ç
cç;ç
aç;ç
mç;ç
eç;ç
rç;ç
aç;ç
sç;ç
.ç;ç
vç;ç
tç;ç
eç;ç
xç;ç
iç;ç
mç;ç
gç;ç
.ç;ç
cç;ç
oç;ç
mç;ç
.ç;ç
bç;ç
rç;ç
/ç;ç
aç;ç
rç;ç
qç;ç
uç;ç
iç;ç
vç;ç
oç;ç
sç;ç
/ç;ç
iç;ç
dç;ç
sç;ç
/ç;ç
1ç;ç
6ç;ç
0ç;ç
9ç;ç
8ç;ç
1ç;ç
-ç;ç
2ç;ç
5ç;ç
5ç;ç
-ç;ç
2ç;ç
5ç;ç
5ç;ç
/ç;ç
cç;ç
aç;ç
bç;ç
oç;ç
-ç;ç
hç;ç
dç;ç
mç;ç
iç;ç
-ç;ç
5ç;ç
mç;ç
-ç;ç
kç;ç
nç;ç
uç;ç
pç;ç
2ç;ç
.ç;ç
jç;ç
pç;ç
gç;ç
?ç;ç
vç;ç
=ç;ç
6ç;ç
3ç;ç
7ç;ç
1ç;ç
0ç;ç
7ç;ç
3ç;ç
1ç;ç
8ç;ç
1ç;ç
2ç;ç
2ç;ç
3ç;ç
0ç;ç
0ç;ç
0ç;ç
0ç;ç
0ç;ç
'ç;ç
,ç;ç
 ç;ç
'ç;ç
hç;ç
tç;ç
tç;ç
pç;ç
sç;ç
:ç;ç
/ç;ç
/ç;ç
pç;ç
oç;ç
rç;ç
tç;ç
aç;ç
lç;ç
dç;ç
aç;ç
sç;ç
cç;ç
aç;ç
mç;ç
eç;ç
rç;ç
aç;ç
sç;ç
.ç;ç
vç;ç
tç;ç
eç;ç
xç;ç
iç;ç
mç;ç
gç;ç
.ç;ç
cç;ç
oç;ç
mç;ç
.ç;ç
bç;ç
rç;ç
/ç;ç
aç;ç
rç;ç
qç;ç
uç;ç
iç;ç
vç;ç
oç;ç
sç;ç
/ç;ç
iç;ç
dç;ç
sç;ç
/ç;ç
1ç;ç
6ç;ç
0ç;ç
9ç;ç
8ç;ç
2ç;ç
-ç;ç
2ç;ç
5ç;ç
5ç;ç
-ç;ç
2ç;ç
5ç;ç
5ç;ç
/ç;ç
cç;ç
aç;ç
bç;ç
oç;ç
-ç;ç
hç;ç
dç;ç
mç;ç
iç;ç
-ç;ç
5ç;ç
mç;ç
-ç;ç
kç;ç
nç;ç
uç;ç
pç;ç
3ç;ç
.ç;ç
jç;ç
pç;ç
gç;ç
?ç;ç
vç;ç
=ç;ç
6ç;ç
3ç;ç
7ç;ç
1ç;ç
0ç;ç
7ç;ç
3ç;ç
1ç;ç
8ç;ç
2ç;ç
1ç;ç
7ç;ç
8ç;ç
7ç;ç
0ç;ç
0ç;ç
0ç;ç
0ç;ç
'ç;ç
,ç;ç
 ç;ç
'ç;ç
Iç;ç
Nç;ç
Fç;ç
Oç;ç
Rç;ç
Mç;ç
Áç;ç
Tç;ç
Iç;ç
Cç;ç
Aç;ç
 ç;ç
Oç;ç
uç;ç
tç;ç
rç;ç
oç;ç
sç;ç
'ç;ç
çç;ç
;ç;ç
çç;ç
'ç;ç
2ç;ç
9ç;ç
2ç;ç
6ç;ç
5ç;ç
'ç;ç
,ç;ç
 ç;ç
'ç;ç
Cç;ç
aç;ç
bç;ç
oç;ç
 ç;ç
Hç;ç
Dç;ç
Mç;ç
Iç;ç
 ç;ç
1ç;ç
.ç;ç
4ç;ç
 ç;ç
3ç;ç
 ç;ç
Mç;ç
eç;ç
tç;ç
rç;ç
oç;ç
sç;ç
 ç;ç
Kç;ç
nç;ç
uç;ç
pç;ç
 ç;ç
Kç;ç
Pç;ç
-ç;ç
Hç;ç
5ç;ç
0ç;ç
0ç;ç
0ç;ç
'ç;ç
,ç;ç
 ç;ç
'ç;ç
1ç;ç
3ç;ç
,ç;ç
2ç;ç
0ç;ç
'ç;ç
,ç;ç
 ç;ç
'ç;ç
hç;ç
tç;ç
tç;ç
pç;ç
sç;ç
:ç;ç
/ç;ç
/ç;ç
pç;ç
oç;ç
rç;ç
tç;ç
aç;ç
lç;ç
dç;ç
aç;ç
sç;ç
cç;ç
aç;ç
mç;ç
eç;ç
rç;ç
aç;ç
sç;ç
.ç;ç
vç;ç
tç;ç
eç;ç
xç;ç
iç;ç
mç;ç
gç;ç
.ç;ç
cç;ç
oç;ç
mç;ç
.ç;ç
bç;ç
rç;ç
/ç;ç
aç;ç
rç;ç
qç;ç
uç;ç
iç;ç
vç;ç
oç;ç
sç;ç
/ç;ç
iç;ç
dç;ç
sç;ç
/ç;ç
1ç;ç
6ç;ç
0ç;ç
9ç;ç
7ç;ç
8ç;ç
-ç;ç
2ç;ç
5ç;ç
5ç;ç
-ç;ç
2ç;ç
5ç;ç
5ç;ç
/ç;ç
cç;ç
aç;ç
bç;ç
oç;ç
-ç;ç
hç;ç
dç;ç
mç;ç
iç;ç
-ç;ç
kç;ç
nç;ç
uç;ç
pç;ç
.ç;ç
jç;ç
pç;ç
gç;ç
?ç;ç
vç;ç
=ç;ç
6ç;ç
3ç;ç
7ç;ç
1ç;ç
0ç;ç
7ç;ç
3ç;ç
0ç;ç
9ç;ç
3ç;ç
2ç;ç
1ç;ç
7ç;ç
3ç;ç
0ç;ç
0ç;ç
0ç;ç
0ç;ç
'ç;ç
,ç;ç
 ç;ç
'ç;ç
hç;ç
tç;ç
tç;ç
pç;ç
sç;ç
:ç;ç
/ç;ç
/ç;ç
pç;ç
oç;ç
rç;ç
tç;ç
aç;ç
lç;ç
dç;ç
aç;ç
sç;ç
cç;ç
aç;ç
mç;ç
eç;ç
rç;ç
aç;ç
sç;ç
.ç;ç
vç;ç
tç;ç
eç;ç
xç;ç
iç;ç
mç;ç
gç;ç
.ç;ç
cç;ç
oç;ç
mç;ç
.ç;ç
bç;ç
rç;ç
/ç;ç
aç;ç
rç;ç
qç;ç
uç;ç
iç;ç
vç;ç
oç;ç
sç;ç
/ç;ç
iç;ç
dç;ç
sç;ç
/ç;ç
1ç;ç
6ç;ç
0ç;ç
9ç;ç
7ç;ç
9ç;ç
-ç;ç
2ç;ç
5ç;ç
5ç;ç
-ç;ç
2ç;ç
5ç;ç
5ç;ç
/ç;ç
cç;ç
aç;ç
bç;ç
oç;ç
-ç;ç
hç;ç
dç;ç
mç;ç
iç;ç
-ç;ç
kç;ç
nç;ç
uç;ç
pç;ç
2ç;ç
.ç;ç
jç;ç
pç;ç
gç;ç
?ç;ç
vç;ç
=ç;ç
6ç;ç
3ç;ç
7ç;ç
1ç;ç
0ç;ç
7ç;ç
3ç;ç
0ç;ç
9ç;ç
4ç;ç
0ç;ç
2ç;ç
5ç;ç
3ç;ç
0ç;ç
0ç;ç
0ç;ç
0ç;ç
'ç;ç
,ç;ç
 ç;ç
'ç;ç
Iç;ç
Nç;ç
Fç;ç
Oç;ç
Rç;ç
Mç;ç
Áç;ç
Tç;ç
Iç;ç
Cç;ç
Aç;ç
 ç;ç
Oç;ç
uç;ç
tç;ç
rç;ç
oç;ç
sç;ç
'ç;ç
çç;ç
;ç;ç
çç;ç
'ç;ç
2ç;ç
9ç;ç
2ç;ç
7ç;ç
3ç;ç
'ç;ç
,ç;ç
 ç;ç
'ç;ç
Cç;ç
aç;ç
rç;ç
tç;ç
ãç;ç
oç;ç
 ç;ç
dç;ç
eç;ç
 ç;ç
mç;ç
eç;ç
mç;ç
óç;ç
rç;ç
iç;ç
aç;ç
 ç;ç
Uç;ç
lç;ç
tç;ç
rç;ç
aç;ç
 ç;ç
mç;ç
iç;ç
cç;ç
rç;ç
oç;ç
Sç;ç
Dç;ç
 ç;ç
Cç;ç
lç;ç
aç;ç
sç;ç
sç;ç
eç;ç
1ç;ç
0ç;ç
 ç;ç
1ç;ç
6ç;ç
gç;ç
bç;ç
 ç;ç
Kç;ç
nç;ç
uç;ç
pç;ç
 ç;ç
Kç;ç
pç;ç
-ç;ç
mç;ç
1ç;ç
6ç;ç
 ç;ç
cç;ç
oç;ç
mç;ç
 ç;ç
Aç;ç
dç;ç
aç;ç
pç;ç
tç;ç
aç;ç
dç;ç
oç;ç
rç;ç
'ç;ç
,ç;ç
 ç;ç
'ç;ç
2ç;ç
2ç;ç
,ç;ç
3ç;ç
0ç;ç
'ç;ç
,ç;ç
 ç;ç
'ç;ç
hç;ç
tç;ç
tç;ç
pç;ç
sç;ç
:ç;ç
/ç;ç
/ç;ç
pç;ç
oç;ç
rç;ç
tç;ç
aç;ç
lç;ç
dç;ç
aç;ç
sç;ç
cç;ç
aç;ç
mç;ç
eç;ç
rç;ç
aç;ç
sç;ç
.ç;ç
vç;ç
tç;ç
eç;ç
xç;ç
iç;ç
mç;ç
gç;ç
.ç;ç
cç;ç
oç;ç
mç;ç
.ç;ç
bç;ç
rç;ç
/ç;ç
aç;ç
rç;ç
qç;ç
uç;ç
iç;ç
vç;ç
oç;ç
sç;ç
/ç;ç
iç;ç
dç;ç
sç;ç
/ç;ç
1ç;ç
6ç;ç
0ç;ç
3ç;ç
9ç;ç
7ç;ç
-ç;ç
2ç;ç
5ç;ç
5ç;ç
-ç;ç
2ç;ç
5ç;ç
5ç;ç
/ç;ç
cç;ç
aç;ç
rç;ç
tç;ç
aç;ç
oç;ç
-ç;ç
dç;ç
eç;ç
-ç;ç
mç;ç
eç;ç
mç;ç
oç;ç
rç;ç
iç;ç
aç;ç
-ç;ç
1ç;ç
6ç;ç
gç;ç
bç;ç
.ç;ç
jç;ç
pç;ç
gç;ç
?ç;ç
vç;ç
=ç;ç
6ç;ç
3ç;ç
7ç;ç
0ç;ç
3ç;ç
8ç;ç
9ç;ç
9ç;ç
8ç;ç
6ç;ç
6ç;ç
7ç;ç
0ç;ç
0ç;ç
0ç;ç
0ç;ç
0ç;ç
0ç;ç
'ç;ç
,ç;ç
 ç;ç
'ç;ç
hç;ç
tç;ç
tç;ç
pç;ç
sç;ç
:ç;ç
/ç;ç
/ç;ç
pç;ç
oç;ç
rç;ç
tç;ç
aç;ç
lç;ç
dç;ç
aç;ç
sç;ç
cç;ç
aç;ç
mç;ç
eç;ç
rç;ç
aç;ç
sç;ç
.ç;ç
vç;ç
tç;ç
eç;ç
xç;ç
iç;ç
mç;ç
gç;ç
.ç;ç
cç;ç
oç;ç
mç;ç
.ç;ç
bç;ç
rç;ç
/ç;ç
aç;ç
rç;ç
qç;ç
uç;ç
iç;ç
vç;ç
oç;ç
sç;ç
/ç;ç
iç;ç
dç;ç
sç;ç
/ç;ç
1ç;ç
6ç;ç
0ç;ç
3ç;ç
9ç;ç
8ç;ç
-ç;ç
2ç;ç
5ç;ç
5ç;ç
-ç;ç
2ç;ç
5ç;ç
5ç;ç
/ç;ç
cç;ç
aç;ç
rç;ç
tç;ç
aç;ç
oç;ç
-ç;ç
dç;ç
eç;ç
-ç;ç
mç;ç
eç;ç
mç;ç
oç;ç
rç;ç
iç;ç
aç;ç
-ç;ç
1ç;ç
6ç;ç
gç;ç
bç;ç
0ç;ç
2ç;ç
.ç;ç
jç;ç
pç;ç
gç;ç
?ç;ç
vç;ç
=ç;ç
6ç;ç
3ç;ç
7ç;ç
0ç;ç
3ç;ç
8ç;ç
9ç;ç
9ç;ç
8ç;ç
8ç;ç
6ç;ç
3ç;ç
5ç;ç
0ç;ç
0ç;ç
0ç;ç
0ç;ç
0ç;ç
'ç;ç
,ç;ç
 ç;ç
'ç;ç
Iç;ç
Nç;ç
Fç;ç
Oç;ç
Rç;ç
Mç;ç
Áç;ç
Tç;ç
Iç;ç
Cç;ç
Aç;ç
 ç;ç
Oç;ç
uç;ç
tç;ç
rç;ç
oç;ç
sç;ç
'ç;ç
çç;ç
;ç;ç
çç;ç
'ç;ç
8ç;ç
8ç;ç
9ç;ç
0ç;ç
'ç;ç
,ç;ç
 ç;ç
'ç;ç
Eç;ç
sç;ç
tç;ç
aç;ç
bç;ç
iç;ç
lç;ç
iç;ç
zç;ç
aç;ç
dç;ç
oç;ç
rç;ç
 ç;ç
Pç;ç
oç;ç
wç;ç
eç;ç
eç;ç
sç;ç
tç;ç
 ç;ç
Tç;ç
sç;ç
 ç;ç
Sç;ç
hç;ç
aç;ç
rç;ç
aç;ç
 ç;ç
3ç;ç
0ç;ç
0ç;ç
Vç;ç
Aç;ç
 ç;ç
mç;ç
oç;ç
nç;ç
oç;ç
 ç;ç
2ç;ç
2ç;ç
0ç;ç
/ç;ç
2ç;ç
2ç;ç
0ç;ç
vç;ç
 ç;ç
Bç;ç
lç;ç
aç;ç
cç;ç
kç;ç
 ç;ç
Rç;ç
eç;ç
fç;ç
 ç;ç
9ç;ç
0ç;ç
1ç;ç
9ç;ç
'ç;ç
,ç;ç
 ç;ç
'ç;ç
1ç;ç
5ç;ç
5ç;ç
,ç;ç
6ç;ç
0ç;ç
'ç;ç
,ç;ç
 ç;ç
'ç;ç
hç;ç
tç;ç
tç;ç
pç;ç
sç;ç
:ç;ç
/ç;ç
/ç;ç
pç;ç
oç;ç
rç;ç
tç;ç
aç;ç
lç;ç
dç;ç
aç;ç
sç;ç
cç;ç
aç;ç
mç;ç
eç;ç
rç;ç
aç;ç
sç;ç
.ç;ç
vç;ç
tç;ç
eç;ç
xç;ç
iç;ç
mç;ç
gç;ç
.ç;ç
cç;ç
oç;ç
mç;ç
.ç;ç
bç;ç
rç;ç
/ç;ç
aç;ç
rç;ç
qç;ç
uç;ç
iç;ç
vç;ç
oç;ç
sç;ç
/ç;ç
iç;ç
dç;ç
sç;ç
/ç;ç
1ç;ç
6ç;ç
0ç;ç
0ç;ç
0ç;ç
3ç;ç
-ç;ç
2ç;ç
5ç;ç
5ç;ç
-ç;ç
2ç;ç
5ç;ç
5ç;ç
/ç;ç
8ç;ç
8ç;ç
9ç;ç
0ç;ç
.ç;ç
jç;ç
pç;ç
gç;ç
?ç;ç
vç;ç
=ç;ç
6ç;ç
3ç;ç
6ç;ç
9ç;ç
0ç;ç
4ç;ç
2ç;ç
7ç;ç
5ç;ç
7ç;ç
6ç;ç
7ç;ç
7ç;ç
7ç;ç
0ç;ç
0ç;ç
0ç;ç
0ç;ç
'ç;ç
,ç;ç
 ç;ç
'ç;ç
hç;ç
tç;ç
tç;ç
pç;ç
sç;ç
:ç;ç
/ç;ç
/ç;ç
pç;ç
oç;ç
rç;ç
tç;ç
aç;ç
lç;ç
dç;ç
aç;ç
sç;ç
cç;ç
aç;ç
mç;ç
eç;ç
rç;ç
aç;ç
sç;ç
.ç;ç
vç;ç
tç;ç
eç;ç
xç;ç
iç;ç
mç;ç
gç;ç
.ç;ç
cç;ç
oç;ç
mç;ç
.ç;ç
bç;ç
rç;ç
/ç;ç
aç;ç
rç;ç
qç;ç
uç;ç
iç;ç
vç;ç
oç;ç
sç;ç
/ç;ç
iç;ç
dç;ç
sç;ç
/ç;ç
1ç;ç
6ç;ç
0ç;ç
0ç;ç
0ç;ç
4ç;ç
-ç;ç
2ç;ç
5ç;ç
5ç;ç
-ç;ç
2ç;ç
5ç;ç
5ç;ç
/ç;ç
8ç;ç
8ç;ç
9ç;ç
0ç;ç
-ç;ç
0ç;ç
2ç;ç
.ç;ç
jç;ç
pç;ç
gç;ç
?ç;ç
vç;ç
=ç;ç
6ç;ç
3ç;ç
6ç;ç
9ç;ç
0ç;ç
4ç;ç
2ç;ç
7ç;ç
6ç;ç
0ç;ç
1ç;ç
4ç;ç
3ç;ç
0ç;ç
0ç;ç
0ç;ç
0ç;ç
0ç;ç
'ç;ç
,ç;ç
 ç;ç
'ç;ç
Iç;ç
Nç;ç
Fç;ç
Oç;ç
Rç;ç
Mç;ç
Áç;ç
Tç;ç
Iç;ç
Cç;ç
Aç;ç
 ç;ç
Oç;ç
uç;ç
tç;ç
rç;ç
oç;ç
sç;ç
'ç;ç
çç;ç
;ç;ç
çç;ç
'ç;ç
6ç;ç
9ç;ç
0ç;ç
3ç;ç
'ç;ç
,ç;ç
 ç;ç
'ç;ç
Mç;ç
eç;ç
mç;ç
óç;ç
rç;ç
iç;ç
aç;ç
 ç;ç
Sç;ç
Sç;ç
Dç;ç
 ç;ç
Kç;ç
iç;ç
nç;ç
gç;ç
sç;ç
tç;ç
oç;ç
nç;ç
 ç;ç
-ç;ç
 ç;ç
1ç;ç
2ç;ç
0ç;ç
Gç;ç
Bç;ç
'ç;ç
,ç;ç
 ç;ç
'ç;ç
2ç;ç
6ç;ç
9ç;ç
,ç;ç
2ç;ç
0ç;ç
'ç;ç
,ç;ç
 ç;ç
'ç;ç
hç;ç
tç;ç
tç;ç
pç;ç
sç;ç
:ç;ç
/ç;ç
/ç;ç
pç;ç
oç;ç
rç;ç
tç;ç
aç;ç
lç;ç
dç;ç
aç;ç
sç;ç
cç;ç
aç;ç
mç;ç
eç;ç
rç;ç
aç;ç
sç;ç
.ç;ç
vç;ç
tç;ç
eç;ç
xç;ç
iç;ç
mç;ç
gç;ç
.ç;ç
cç;ç
oç;ç
mç;ç
.ç;ç
bç;ç
rç;ç
/ç;ç
aç;ç
rç;ç
qç;ç
uç;ç
iç;ç
vç;ç
oç;ç
sç;ç
/ç;ç
iç;ç
dç;ç
sç;ç
/ç;ç
1ç;ç
5ç;ç
9ç;ç
9ç;ç
5ç;ç
6ç;ç
-ç;ç
2ç;ç
5ç;ç
5ç;ç
-ç;ç
2ç;ç
5ç;ç
5ç;ç
/ç;ç
sç;ç
sç;ç
dç;ç
6ç;ç
9ç;ç
0ç;ç
3ç;ç
-ç;ç
2ç;ç
.ç;ç
pç;ç
nç;ç
gç;ç
?ç;ç
vç;ç
=ç;ç
6ç;ç
3ç;ç
6ç;ç
8ç;ç
2ç;ç
7ç;ç
1ç;ç
5ç;ç
3ç;ç
8ç;ç
6ç;ç
4ç;ç
5ç;ç
0ç;ç
0ç;ç
0ç;ç
0ç;ç
0ç;ç
'ç;ç
,ç;ç
 ç;ç
'ç;ç
hç;ç
tç;ç
tç;ç
pç;ç
sç;ç
:ç;ç
/ç;ç
/ç;ç
pç;ç
oç;ç
rç;ç
tç;ç
aç;ç
lç;ç
dç;ç
aç;ç
sç;ç
cç;ç
aç;ç
mç;ç
eç;ç
rç;ç
aç;ç
sç;ç
.ç;ç
vç;ç
tç;ç
eç;ç
xç;ç
iç;ç
mç;ç
gç;ç
.ç;ç
cç;ç
oç;ç
mç;ç
.ç;ç
bç;ç
rç;ç
/ç;ç
aç;ç
rç;ç
qç;ç
uç;ç
iç;ç
vç;ç
oç;ç
sç;ç
/ç;ç
iç;ç
dç;ç
sç;ç
/ç;ç
1ç;ç
5ç;ç
9ç;ç
9ç;ç
5ç;ç
7ç;ç
-ç;ç
2ç;ç
5ç;ç
5ç;ç
-ç;ç
2ç;ç
5ç;ç
5ç;ç
/ç;ç
6ç;ç
9ç;ç
0ç;ç
3ç;ç
oç;ç
kç;ç
.ç;ç
pç;ç
nç;ç
gç;ç
?ç;ç
vç;ç
=ç;ç
6ç;ç
3ç;ç
6ç;ç
8ç;ç
2ç;ç
7ç;ç
1ç;ç
5ç;ç
4ç;ç
7ç;ç
9ç;ç
5ç;ç
9ç;ç
0ç;ç
0ç;ç
0ç;ç
0ç;ç
0ç;ç
'ç;ç
,ç;ç
 ç;ç
'ç;ç
Iç;ç
Nç;ç
Fç;ç
Oç;ç
Rç;ç
Mç;ç
Áç;ç
Tç;ç
Iç;ç
Cç;ç
Aç;ç
 ç;ç
Oç;ç
uç;ç
tç;ç
rç;ç
oç;ç
sç;ç
'ç;ç
çç;ç
;ç;ç
çç;ç
'ç;ç
2ç;ç
7ç;ç
7ç;ç
8ç;ç
1ç;ç
'ç;ç
,ç;ç
 ç;ç
'ç;ç
Lç;ç
eç;ç
iç;ç
tç;ç
oç;ç
rç;ç
 ç;ç
dç;ç
eç;ç
 ç;ç
Cç;ç
óç;ç
dç;ç
iç;ç
gç;ç
oç;ç
 ç;ç
dç;ç
eç;ç
 ç;ç
Bç;ç
aç;ç
rç;ç
rç;ç
aç;ç
sç;ç
 ç;ç
Kç;ç
nç;ç
uç;ç
pç;ç
 ç;ç
-ç;ç
 ç;ç
Kç;ç
Pç;ç
 ç;ç
1ç;ç
0ç;ç
1ç;ç
7ç;ç
 ç;ç
Cç;ç
oç;ç
mç;ç
 ç;ç
Fç;ç
iç;ç
oç;ç
'ç;ç
,ç;ç
 ç;ç
'ç;ç
1ç;ç
0ç;ç
8ç;ç
,ç;ç
8ç;ç
0ç;ç
'ç;ç
,ç;ç
 ç;ç
'ç;ç
hç;ç
tç;ç
tç;ç
pç;ç
sç;ç
:ç;ç
/ç;ç
/ç;ç
pç;ç
oç;ç
rç;ç
tç;ç
aç;ç
lç;ç
dç;ç
aç;ç
sç;ç
cç;ç
aç;ç
mç;ç
eç;ç
rç;ç
aç;ç
sç;ç
.ç;ç
vç;ç
tç;ç
eç;ç
xç;ç
iç;ç
mç;ç
gç;ç
.ç;ç
cç;ç
oç;ç
mç;ç
.ç;ç
bç;ç
rç;ç
/ç;ç
aç;ç
rç;ç
qç;ç
uç;ç
iç;ç
vç;ç
oç;ç
sç;ç
/ç;ç
iç;ç
dç;ç
sç;ç
/ç;ç
1ç;ç
5ç;ç
9ç;ç
8ç;ç
8ç;ç
3ç;ç
-ç;ç
2ç;ç
5ç;ç
5ç;ç
-ç;ç
2ç;ç
5ç;ç
5ç;ç
/ç;ç
2ç;ç
7ç;ç
7ç;ç
8ç;ç
1ç;ç
.ç;ç
jç;ç
pç;ç
gç;ç
?ç;ç
vç;ç
=ç;ç
6ç;ç
3ç;ç
6ç;ç
7ç;ç
6ç;ç
4ç;ç
2ç;ç
1ç;ç
9ç;ç
6ç;ç
9ç;ç
6ç;ç
5ç;ç
0ç;ç
0ç;ç
0ç;ç
0ç;ç
0ç;ç
'ç;ç
,ç;ç
 ç;ç
'ç;ç
hç;ç
tç;ç
tç;ç
pç;ç
sç;ç
:ç;ç
/ç;ç
/ç;ç
pç;ç
oç;ç
rç;ç
tç;ç
aç;ç
lç;ç
dç;ç
aç;ç
sç;ç
cç;ç
aç;ç
mç;ç
eç;ç
rç;ç
aç;ç
sç;ç
.ç;ç
vç;ç
tç;ç
eç;ç
xç;ç
iç;ç
mç;ç
gç;ç
.ç;ç
cç;ç
oç;ç
mç;ç
.ç;ç
bç;ç
rç;ç
/ç;ç
aç;ç
rç;ç
qç;ç
uç;ç
iç;ç
vç;ç
oç;ç
sç;ç
/ç;ç
iç;ç
dç;ç
sç;ç
/ç;ç
1ç;ç
5ç;ç
9ç;ç
8ç;ç
8ç;ç
4ç;ç
-ç;ç
2ç;ç
5ç;ç
5ç;ç
-ç;ç
2ç;ç
5ç;ç
5ç;ç
/ç;ç
2ç;ç
7ç;ç
7ç;ç
8ç;ç
1ç;ç
-ç;ç
0ç;ç
2ç;ç
.ç;ç
jç;ç
pç;ç
gç;ç
?ç;ç
vç;ç
=ç;ç
6ç;ç
3ç;ç
6ç;ç
7ç;ç
6ç;ç
4ç;ç
2ç;ç
2ç;ç
0ç;ç
0ç;ç
2ç;ç
3ç;ç
4ç;ç
0ç;ç
0ç;ç
0ç;ç
0ç;ç
0ç;ç
'ç;ç
,ç;ç
 ç;ç
'ç;ç
hç;ç
tç;ç
tç;ç
pç;ç
sç;ç
:ç;ç
/ç;ç
/ç;ç
pç;ç
oç;ç
rç;ç
tç;ç
aç;ç
lç;ç
dç;ç
aç;ç
sç;ç
cç;ç
aç;ç
mç;ç
eç;ç
rç;ç
aç;ç
sç;ç
.ç;ç
vç;ç
tç;ç
eç;ç
xç;ç
iç;ç
mç;ç
gç;ç
.ç;ç
cç;ç
oç;ç
mç;ç
.ç;ç
bç;ç
rç;ç
/ç;ç
aç;ç
rç;ç
qç;ç
uç;ç
iç;ç
vç;ç
oç;ç
sç;ç
/ç;ç
iç;ç
dç;ç
sç;ç
/ç;ç
1ç;ç
5ç;ç
9ç;ç
8ç;ç
8ç;ç
6ç;ç
-ç;ç
2ç;ç
5ç;ç
5ç;ç
-ç;ç
2ç;ç
5ç;ç
5ç;ç
/ç;ç
2ç;ç
7ç;ç
7ç;ç
8ç;ç
1ç;ç
-ç;ç
0ç;ç
4ç;ç
.ç;ç
jç;ç
pç;ç
gç;ç
?ç;ç
vç;ç
=ç;ç
6ç;ç
3ç;ç
6ç;ç
7ç;ç
6ç;ç
4ç;ç
2ç;ç
2ç;ç
1ç;ç
0ç;ç
1ç;ç
2ç;ç
4ç;ç
7ç;ç
0ç;ç
0ç;ç
0ç;ç
0ç;ç
'ç;ç
,ç;ç
 ç;ç
'ç;ç
Iç;ç
Nç;ç
Fç;ç
Oç;ç
Rç;ç
Mç;ç
Áç;ç
Tç;ç
Iç;ç
Cç;ç
Aç;ç
 ç;ç
Oç;ç
uç;ç
tç;ç
rç;ç
oç;ç
sç;ç
'ç;ç
çç;ç
;ç;ç
çç;ç
'ç;ç
8ç;ç
9ç;ç
0ç;ç
0ç;ç
3ç;ç
'ç;ç
,ç;ç
 ç;ç
'ç;ç
Cç;ç
aç;ç
rç;ç
tç;ç
ãç;ç
oç;ç
 ç;ç
dç;ç
eç;ç
 ç;ç
mç;ç
eç;ç
mç;ç
óç;ç
rç;ç
iç;ç
aç;ç
 ç;ç
6ç;ç
4ç;ç
gç;ç
bç;ç
 ç;ç
Mç;ç
iç;ç
cç;ç
rç;ç
oç;ç
Sç;ç
Dç;ç
 ç;ç
cç;ç
lç;ç
aç;ç
sç;ç
sç;ç
eç;ç
 ç;ç
1ç;ç
0ç;ç
 ç;ç
Sç;ç
aç;ç
nç;ç
dç;ç
iç;ç
sç;ç
kç;ç
 ç;ç
Cç;ç
oç;ç
mç;ç
 ç;ç
Aç;ç
dç;ç
aç;ç
pç;ç
tç;ç
aç;ç
dç;ç
oç;ç
rç;ç
 ç;ç
Sç;ç
Dç;ç
'ç;ç
,ç;ç
 ç;ç
'ç;ç
7ç;ç
6ç;ç
,ç;ç
9ç;ç
0ç;ç
'ç;ç
,ç;ç
 ç;ç
'ç;ç
hç;ç
tç;ç
tç;ç
pç;ç
sç;ç
:ç;ç
/ç;ç
/ç;ç
pç;ç
oç;ç
rç;ç
tç;ç
aç;ç
lç;ç
dç;ç
aç;ç
sç;ç
cç;ç
aç;ç
mç;ç
eç;ç
rç;ç
aç;ç
sç;ç
.ç;ç
vç;ç
tç;ç
eç;ç
xç;ç
iç;ç
mç;ç
gç;ç
.ç;ç
cç;ç
oç;ç
mç;ç
.ç;ç
bç;ç
rç;ç
/ç;ç
aç;ç
rç;ç
qç;ç
uç;ç
iç;ç
vç;ç
oç;ç
sç;ç
/ç;ç
iç;ç
dç;ç
sç;ç
/ç;ç
1ç;ç
5ç;ç
9ç;ç
6ç;ç
5ç;ç
3ç;ç
-ç;ç
2ç;ç
5ç;ç
5ç;ç
-ç;ç
2ç;ç
5ç;ç
5ç;ç
/ç;ç
Sç;ç
Dç;ç
-ç;ç
6ç;ç
4ç;ç
Gç;ç
Bç;ç
.ç;ç
jç;ç
pç;ç
gç;ç
?ç;ç
vç;ç
=ç;ç
6ç;ç
3ç;ç
6ç;ç
7ç;ç
2ç;ç
7ç;ç
9ç;ç
7ç;ç
6ç;ç
1ç;ç
8ç;ç
5ç;ç
0ç;ç
3ç;ç
0ç;ç
0ç;ç
0ç;ç
0ç;ç
'ç;ç
,ç;ç
 ç;ç
'ç;ç
Iç;ç
Nç;ç
Fç;ç
Oç;ç
Rç;ç
Mç;ç
Áç;ç
Tç;ç
Iç;ç
Cç;ç
Aç;ç
 ç;ç
Oç;ç
uç;ç
tç;ç
rç;ç
oç;ç
sç;ç
'ç;ç
çç;ç
;ç;ç
çç;ç
'ç;ç
8ç;ç
9ç;ç
0ç;ç
0ç;ç
2ç;ç
'ç;ç
,ç;ç
 ç;ç
'ç;ç
Cç;ç
aç;ç
rç;ç
tç;ç
ãç;ç
oç;ç
 ç;ç
dç;ç
eç;ç
 ç;ç
mç;ç
eç;ç
mç;ç
óç;ç
rç;ç
iç;ç
aç;ç
 ç;ç
3ç;ç
2ç;ç
gç;ç
bç;ç
 ç;ç
Mç;ç
iç;ç
cç;ç
rç;ç
oç;ç
Sç;ç
Dç;ç
 ç;ç
Sç;ç
aç;ç
nç;ç
dç;ç
iç;ç
sç;ç
kç;ç
 ç;ç
Cç;ç
oç;ç
mç;ç
 ç;ç
Aç;ç
dç;ç
aç;ç
pç;ç
tç;ç
aç;ç
dç;ç
oç;ç
rç;ç
 ç;ç
Sç;ç
Dç;ç
'ç;ç
,ç;ç
 ç;ç
'ç;ç
5ç;ç
5ç;ç
,ç;ç
0ç;ç
0ç;ç
'ç;ç
,ç;ç
 ç;ç
'ç;ç
hç;ç
tç;ç
tç;ç
pç;ç
sç;ç
:ç;ç
/ç;ç
/ç;ç
pç;ç
oç;ç
rç;ç
tç;ç
aç;ç
lç;ç
dç;ç
aç;ç
sç;ç
cç;ç
aç;ç
mç;ç
eç;ç
rç;ç
aç;ç
sç;ç
.ç;ç
vç;ç
tç;ç
eç;ç
xç;ç
iç;ç
mç;ç
gç;ç
.ç;ç
cç;ç
oç;ç
mç;ç
.ç;ç
bç;ç
rç;ç
/ç;ç
aç;ç
rç;ç
qç;ç
uç;ç
iç;ç
vç;ç
oç;ç
sç;ç
/ç;ç
iç;ç
dç;ç
sç;ç
/ç;ç
1ç;ç
5ç;ç
9ç;ç
6ç;ç
0ç;ç
7ç;ç
-ç;ç
2ç;ç
5ç;ç
5ç;ç
-ç;ç
2ç;ç
5ç;ç
5ç;ç
/ç;ç
9ç;ç
cç;ç
2ç;ç
bç;ç
8ç;ç
5ç;ç
8ç;ç
8ç;ç
1ç;ç
fç;ç
eç;ç
cç;ç
1ç;ç
7ç;ç
4ç;ç
aç;ç
4ç;ç
6ç;ç
5ç;ç
9ç;ç
2ç;ç
cç;ç
fç;ç
aç;ç
3ç;ç
0ç;ç
9ç;ç
eç;ç
dç;ç
7ç;ç
1ç;ç
aç;ç
.ç;ç
jç;ç
pç;ç
gç;ç
?ç;ç
vç;ç
=ç;ç
6ç;ç
3ç;ç
6ç;ç
7ç;ç
1ç;ç
7ç;ç
6ç;ç
9ç;ç
8ç;ç
2ç;ç
3ç;ç
2ç;ç
3ç;ç
3ç;ç
0ç;ç
0ç;ç
0ç;ç
0ç;ç
'ç;ç
,ç;ç
 ç;ç
'ç;ç
Iç;ç
Nç;ç
Fç;ç
Oç;ç
Rç;ç
Mç;ç
Áç;ç
Tç;ç
Iç;ç
Cç;ç
Aç;ç
 ç;ç
Oç;ç
uç;ç
tç;ç
rç;ç
oç;ç
sç;ç
'ç;ç
çç;ç
;ç;ç
çç;ç
'ç;ç
6ç;ç
0ç;ç
0ç;ç
5ç;ç
'ç;ç
,ç;ç
 ç;ç
'ç;ç
Eç;ç
sç;ç
tç;ç
aç;ç
bç;ç
iç;ç
lç;ç
iç;ç
zç;ç
aç;ç
dç;ç
oç;ç
rç;ç
 ç;ç
Pç;ç
oç;ç
wç;ç
eç;ç
rç;ç
sç;ç
tç;ç
 ç;ç
3ç;ç
0ç;ç
0ç;ç
 ç;ç
Mç;ç
oç;ç
nç;ç
oç;ç
 ç;ç
1ç;ç
1ç;ç
5ç;ç
Vç;ç
 ç;ç
4ç;ç
 ç;ç
tç;ç
oç;ç
mç;ç
aç;ç
dç;ç
aç;ç
sç;ç
 ç;ç
dç;ç
eç;ç
 ç;ç
sç;ç
aç;ç
íç;ç
dç;ç
aç;ç
 ç;ç
Rç;ç
eç;ç
fç;ç
.ç;ç
 ç;ç
9ç;ç
0ç;ç
0ç;ç
0ç;ç
'ç;ç
,ç;ç
 ç;ç
'ç;ç
1ç;ç
3ç;ç
2ç;ç
,ç;ç
7ç;ç
0ç;ç
'ç;ç
,ç;ç
 ç;ç
'ç;ç
hç;ç
tç;ç
tç;ç
pç;ç
sç;ç
:ç;ç
/ç;ç
/ç;ç
pç;ç
oç;ç
rç;ç
tç;ç
aç;ç
lç;ç
dç;ç
aç;ç
sç;ç
cç;ç
aç;ç
mç;ç
eç;ç
rç;ç
aç;ç
sç;ç
.ç;ç
vç;ç
tç;ç
eç;ç
xç;ç
iç;ç
mç;ç
gç;ç
.ç;ç
cç;ç
oç;ç
mç;ç
.ç;ç
bç;ç
rç;ç
/ç;ç
aç;ç
rç;ç
qç;ç
uç;ç
iç;ç
vç;ç
oç;ç
sç;ç
/ç;ç
iç;ç
dç;ç
sç;ç
/ç;ç
1ç;ç
5ç;ç
9ç;ç
1ç;ç
6ç;ç
7ç;ç
-ç;ç
2ç;ç
5ç;ç
5ç;ç
-ç;ç
2ç;ç
5ç;ç
5ç;ç
/ç;ç
Mç;ç
iç;ç
cç;ç
rç;ç
oç;ç
-ç;ç
Tç;ç
Sç;ç
-ç;ç
0ç;ç
1ç;ç
-ç;ç
1ç;ç
0ç;ç
2ç;ç
4ç;ç
xç;ç
6ç;ç
8ç;ç
3ç;ç
.ç;ç
jç;ç
pç;ç
gç;ç
?ç;ç
vç;ç
=ç;ç
6ç;ç
3ç;ç
6ç;ç
6ç;ç
6ç;ç
9ç;ç
0ç;ç
5ç;ç
2ç;ç
0ç;ç
2ç;ç
7ç;ç
0ç;ç
0ç;ç
0ç;ç
0ç;ç
0ç;ç
0ç;ç
'ç;ç
,ç;ç
 ç;ç
'ç;ç
hç;ç
tç;ç
tç;ç
pç;ç
sç;ç
:ç;ç
/ç;ç
/ç;ç
pç;ç
oç;ç
rç;ç
tç;ç
aç;ç
lç;ç
dç;ç
aç;ç
sç;ç
cç;ç
aç;ç
mç;ç
eç;ç
rç;ç
aç;ç
sç;ç
.ç;ç
vç;ç
tç;ç
eç;ç
xç;ç
iç;ç
mç;ç
gç;ç
.ç;ç
cç;ç
oç;ç
mç;ç
.ç;ç
bç;ç
rç;ç
/ç;ç
aç;ç
rç;ç
qç;ç
uç;ç
iç;ç
vç;ç
oç;ç
sç;ç
/ç;ç
iç;ç
dç;ç
sç;ç
/ç;ç
1ç;ç
5ç;ç
9ç;ç
1ç;ç
6ç;ç
9ç;ç
-ç;ç
2ç;ç
5ç;ç
5ç;ç
-ç;ç
2ç;ç
5ç;ç
5ç;ç
/ç;ç
Mç;ç
iç;ç
cç;ç
rç;ç
oç;ç
-ç;ç
Tç;ç
Sç;ç
-ç;ç
0ç;ç
2ç;ç
-ç;ç
1ç;ç
0ç;ç
2ç;ç
4ç;ç
xç;ç
6ç;ç
8ç;ç
3ç;ç
.ç;ç
jç;ç
pç;ç
gç;ç
?ç;ç
vç;ç
=ç;ç
6ç;ç
3ç;ç
6ç;ç
6ç;ç
6ç;ç
9ç;ç
0ç;ç
5ç;ç
2ç;ç
0ç;ç
3ç;ç
2ç;ç
7ç;ç
0ç;ç
0ç;ç
0ç;ç
0ç;ç
0ç;ç
'ç;ç
,ç;ç
 ç;ç
'ç;ç
Iç;ç
Nç;ç
Fç;ç
Oç;ç
Rç;ç
Mç;ç
Áç;ç
Tç;ç
Iç;ç
Cç;ç
Aç;ç
 ç;ç
Oç;ç
uç;ç
tç;ç
rç;ç
oç;ç
sç;ç
'ç;ç
çç;ç
;ç;ç
çç;ç
'ç;ç
3ç;ç
1ç;ç
1ç;ç
1ç;ç
6ç;ç
'ç;ç
,ç;ç
 ç;ç
'ç;ç
Cç;ç
aç;ç
rç;ç
tç;ç
ãç;ç
oç;ç
 ç;ç
dç;ç
eç;ç
 ç;ç
mç;ç
eç;ç
mç;ç
óç;ç
rç;ç
iç;ç
aç;ç
 ç;ç
3ç;ç
2ç;ç
gç;ç
bç;ç
 ç;ç
Mç;ç
iç;ç
cç;ç
rç;ç
oç;ç
 ç;ç
Sç;ç
dç;ç
 ç;ç
Lç;ç
eç;ç
bç;ç
oç;ç
sç;ç
sç;ç
 ç;ç
Lç;ç
Bç;ç
-ç;ç
Mç;ç
0ç;ç
3ç;ç
'ç;ç
,ç;ç
 ç;ç
'ç;ç
Pç;ç
rç;ç
oç;ç
dç;ç
uç;ç
tç;ç
oç;ç
 ç;ç
eç;ç
sç;ç
gç;ç
oç;ç
tç;ç
aç;ç
dç;ç
oç;ç
'ç;ç
,ç;ç
 ç;ç
'ç;ç
hç;ç
tç;ç
tç;ç
pç;ç
sç;ç
:ç;ç
/ç;ç
/ç;ç
pç;ç
oç;ç
rç;ç
tç;ç
aç;ç
lç;ç
dç;ç
aç;ç
sç;ç
cç;ç
aç;ç
mç;ç
eç;ç
rç;ç
aç;ç
sç;ç
.ç;ç
vç;ç
tç;ç
eç;ç
xç;ç
iç;ç
mç;ç
gç;ç
.ç;ç
cç;ç
oç;ç
mç;ç
.ç;ç
bç;ç
rç;ç
/ç;ç
aç;ç
rç;ç
qç;ç
uç;ç
iç;ç
vç;ç
oç;ç
sç;ç
/ç;ç
iç;ç
dç;ç
sç;ç
/ç;ç
1ç;ç
6ç;ç
3ç;ç
7ç;ç
0ç;ç
0ç;ç
-ç;ç
2ç;ç
5ç;ç
5ç;ç
-ç;ç
2ç;ç
5ç;ç
5ç;ç
/ç;ç
Lç;ç
Eç;ç
Bç;ç
Oç;ç
Sç;ç
Sç;ç
-ç;ç
Lç;ç
Bç;ç
-ç;ç
Mç;ç
0ç;ç
3ç;ç
-ç;ç
3ç;ç
2ç;ç
Gç;ç
Bç;ç
.ç;ç
jç;ç
pç;ç
gç;ç
?ç;ç
vç;ç
=ç;ç
6ç;ç
3ç;ç
7ç;ç
7ç;ç
5ç;ç
6ç;ç
2ç;ç
4ç;ç
2ç;ç
5ç;ç
7ç;ç
5ç;ç
0ç;ç
3ç;ç
0ç;ç
0ç;ç
0ç;ç
0ç;ç
'ç;ç
,ç;ç
 ç;ç
'ç;ç
Iç;ç
Nç;ç
Fç;ç
Oç;ç
Rç;ç
Mç;ç
Áç;ç
Tç;ç
Iç;ç
Cç;ç
Aç;ç
 ç;ç
Oç;ç
uç;ç
tç;ç
rç;ç
oç;ç
sç;ç
'ç;ç
çç;ç
;ç;ç
çç;ç

